,main_fragments
sample_1,*OC1CC2C(=C)C(=O)C3(C(O*)CC4C5(C)CCCC4(C(*)OC5)C13)C2O*
sample_2,*c1oc2ccccc2c1*
sample_3,*c1cnc(*)c(Cl)n1
sample_4,*c1nnc(Br)c(*)n1
sample_5,*C(*)C(*)O
sample_6,*OC1CCC2(C)C(C=CC3C2CC(O*)C2(C)C(*)CCC32)C1
sample_7,*Nc1cccc(N=[N+]([O-])c2cccc(N*)c2)c1
sample_8,*C(*)C(=NNc1ccccc1)c1ccccc1
sample_9,*OC1CCC2(C)C3CCC4(C)C(*)CCC4C3CC(O*)C2(O)C1
sample_10,*C1(*)CC=CCC(*)(*)CC=CC1
sample_11,*Nc1nc(Cl)nc(N(*)*)n1
sample_12,*Nc1ccccc1N*
sample_13,*CC1OC(*)C(O)C(O)C1O
sample_14,*C(=O)CCC(*)O
sample_15,*c1nccc2cc(*)c(O)cc12
sample_16,*C1Cc2c3c(c4c(c2CC1*)CC(*)C(*)C4)CC(*)C(*)C3
sample_17,*C(*)C
sample_18,*Nc1nc2ccc(*)cc2[nH]1
sample_19,*C(=O)C(*)(*)C(C)C*
sample_20,*N1CCN(*)CC1
sample_21,*C(*)c1cc(*)c(*)cc1[N+](=O)[O-]
sample_22,*CCC(*)*
sample_23,*C1CCCN2C(=O)CC(*)C(=O)N12
sample_24,*n1cc(*)cn1
sample_25,*c1cn(C)cc(*)c1=O
sample_26,*c1cc2c(cc1*)C(CC(C)C)NCC2
sample_27,*CC(*)C(=O)O
sample_28,*C(*)C(Cl)(Cl)Cl
sample_29,*Nc1ccc(C#Cc2ccc(N*)cc2)cc1
sample_30,*C1OC(*)C(O)C(O)C1O
sample_31,*Nc1cc(Cl)c(S(N)(=O)=O)cc1*
sample_32,*Cc1ccc2cc3ccc(C*)nc3cc2n1
sample_33,*c1cc2c(c(O)c1*)CNCC2
sample_34,*C(Br)C(Br)CCC(Br)C(*)Br
sample_35,*CS*
sample_36,*N(*)CCCC
sample_37,*N(C*)C*
sample_38,*Oc1ccc2[nH]c3cnc(*)c(C*)c3c2c1
sample_39,*C(*)c1cc(C)cc([N+](=O)[O-])c1O
sample_40,*c1ccc(C(=S)N2CCOCC2)cc1*
sample_41,*N1C(=O)C(*)C(=O)N1*
sample_42,*Oc1cc2c(cc1*)CCN(O*)C2CC(C)C
sample_43,*OC1CC2C(=C)C(=O)C3(C(*)CC4C5(C)CCCC4(COC5)C13)C2O
sample_44,*N1c2ccccc2CCC1*
sample_45,*N(*)CC*
sample_46,*OC1Oc2ccc(C)cc2C(=O)C1=CN*
sample_47,*NC(=Nc1ccc(S*)cc1N*)N*
sample_48,*C(=O)CC(C(*)=O)C(C)=O
sample_49,*n1nc(*)c2c(C)cc(C)nc21
sample_50,*C(*)c1cccnc1
sample_51,*C(Cl)C(*)Cl
sample_52,*C1CCc2cc(*)ccc2C1=O
sample_53,*[C+](*)c1cc(*)c(O)c(*)c1
sample_54,*NC(C*)C(=O)O
sample_55,*C(=O)CCCC*
sample_56,*Oc1ccc(N*)cc1*
sample_57,*C(*)c1ccccc1N=C=S
sample_58,*C1CCC(C2(*)C(=O)NC(=O)NC2=O)CC1
sample_59,*C(=O)C(C)(C)C1=CCC2(C)C(CCC3C2CCC2(C)C(O*)CCC32)C1
sample_60,*OC1C(N)CC(N*)C(*)C1O
sample_61,*C(=O)C(C(*)=O)C(*)=O
sample_62,*Oc1cccc(N=[N+]([O-])c2cccc(O*)c2)c1
sample_63,*OCC(CO*)O*
sample_64,*c1cc(*)n2nc(N)c(N=Nc3ccc(F)cc3)c2n1
sample_65,*C(=O)n1cc(*)c2ccccc21
sample_66,*N1N=C(C(F)(F)F)C(=NNc2ccc(*)cc2)C1=O
sample_67,*C(*)c1ccccc1[N+](=O)[O-]
sample_68,*Nc1ncccc1*
sample_69,*N1CSc2nnc(*)n2C1
sample_70,*Oc1cc(C)nn1*
sample_71,*OC(=S)O*
sample_72,*N1CC(*)C=C1c1ccccc1
sample_73,*C(=O)C=[N+]([O-])c1ccc(*)cc1
sample_74,*c1cc2c(cc1*)C(C#N)C2
sample_75,*N1N=C(c2ccc([N+](=O)[O-])cc2)C(*)(Br)C1=O
sample_76,*Cc1ccc(*)cc1
sample_77,*n1nc(*)sc1=NC(C)=O
sample_78,*c1cc(*)c(N)cc1*
sample_79,*c1ccc(*)c(Cl)c1
sample_80,*Nc1ccc(C2=NN(*)C(=O)C2*)cc1
sample_81,*n1nc(*)c2c1OC(N)=C(C#N)C2c1ccc(Cl)cc1Cl
sample_82,*NS(=O)(=O)c1ccc(*)cc1
sample_83,*C(=O)C(Cl)C(*)Cl
sample_84,*OCC(*)C
sample_85,*C1(*)Oc2c(Cl)c(Cl)c(Cl)c(Cl)c2O1
sample_86,*C(*)C*
sample_87,*CC1CCC(*)(C)C1(C)C
sample_88,*C1CCCC2=C1NC(=S)NC2*
sample_89,*C(=O)CCC*
sample_90,*n1nc(*)n(N=Cc2ccc3c(c2)OCO3)c1=S
sample_91,*c1cc2cc3cc(*)c(*)cc3cc2cc1*
sample_92,*Nc1cc(*)cc(*)c1
sample_93,*C1C=CC(*)O1
sample_94,*OCC(O*)C(O*)C(O*)C(O*)C(=O)CBr
sample_95,*C(=O)C(*)(*)O
sample_96,*O[P+]([O-])(O*)C(C)N*
sample_97,*Cc1cc2c(cc1N=Cc1ccccc1)NC(*)C2
sample_98,*CCC(=O)NN1C(=O)CSC1*
sample_99,*N(*)c1ccc(C*)cc1
sample_100,*Nc1cccc(*)c1
sample_101,*C(=O)CC(*)(*)CC(*)=O
sample_102,*OCC(O)C*
sample_103,*Nc1nc(*)c(C)c(Cl)n1
sample_104,*c1cc(*)cc([P+]([O-])(c2ccccc2)c2ccccc2)[s+]1
sample_105,*c1nc(*)c(*)o1
sample_106,*OC1CC2C(=C)C(=O)C3(C4CC5C(C)(C)CCC(O*)C5(C(=O)O4)C13)C2O
sample_107,*n1nc(*)cc1C
sample_108,*c1cc(*)c(C)cc1*
sample_109,*N1C(=O)CCC1*
sample_110,*C(*)c1ccc(Br)cc1
sample_111,*CCC(=O)NN=Cc1ccc(O)c(*)c1
sample_112,*C(=O)C1=C(O)C(*)C2CC3C(=C(O)C2(O)C1=O)C(=O)c1c(O)cccc1C3(C)O
sample_113,*C1CC(C)CC(*)C1=O
sample_114,*N1CCC(N(*)*)CC1
sample_115,*OC(CN=Cc1ccc(C=NCC(*)*)c([N+](=O)[O-])c1)O*
sample_116,*Oc1cc(*)cc(*)c1
sample_117,*OC1CC2C(=C)C(=O)C3(C4CC5C(C)(C)CCC(O*)C5(C(=O)O4)C13)C2O*
sample_118,*C1CCC2C3CCCC3(C)CCC2C1(*)C
sample_119,*c1oc2cc(*)cc(O)c2c(=O)c1O
sample_120,*OC1C2COC(O2)C(O*)C1O*
sample_121,*NC(C)CC*
sample_122,*N(*)C*
sample_123,*c1cc(*)c([N+](=O)[O-])cc1O
sample_124,*CC(=O)CC(*)C
sample_125,*n1nc(*)sc1=NN=Cc1ccccc1*
sample_126,*c1ccc(*)cn1
sample_127,*C(*)c1cc([N+](=O)[O-])cc(Br)c1O
sample_128,*C(=O)C(*)Br
sample_129,*OCCO*
sample_130,*C(*)c1cc(Br)cc(Br)c1O
sample_131,*C(*)CCCl
sample_132,*CC(Br)C*
sample_133,*C(=O)C(Cl)C*
sample_134,*N(*)S(=O)(=O)c1ccc(N)cc1
sample_135,*Nc1nnc(S*)s1
sample_136,*n1cc(*)c(=O)c2ccc(C)nc21
sample_137,*c1cc2c(cc1*)C(CC(C)C)[N+](C)(C)CC2
sample_138,*c1nn([S+2]([O-])([O-])c2ccc(*)cc2)c(N)c1*
sample_139,*C(=O)CCCCC(*)=O
sample_140,*c1cnnc(*)n1
sample_141,*C1(*)C=C(O)C(=O)O1
sample_142,*CC1=C(Cl)C(*)CCC1
sample_143,*c1nn([S+2]([O-])([O-])c2ccc(C)cc2)c(N)c1*
sample_144,*Nc1nc(C)c(*)c(O)n1
sample_145,*OC1C(C)C(*)C(C)C(=O)OC(*)C(C)(O)C(O)C(C)C(=O)C(C)CC1(C)O
sample_146,*c1cc(N)c(Cl)cc1*
sample_147,*C1C(=O)N(*)N=C1c1ccccc1
sample_148,*CC(C)C*
sample_149,*N1C(=O)C(*)SC1=S
sample_150,*N1CCC(C*)CC1
sample_151,*NC(=S)N(*)C
sample_152,*N1CCC23c4c5ccc(O)c4OC2C2(*)CCC3(CC2*)C1C5
sample_153,*Nc1cccc(C*)c1
sample_154,*OC1CC2C3CCC(*)C3(C)CCC2C2(C)CCC(=O)CC12O
sample_155,*Oc1ccc(C(=S)N2CCCCC2)cc1*
sample_156,*C(O)C(*)O
sample_157,*c1cc2c(cc1*)CC2
sample_158,*c1cc2c(cc1*)C(C)N(C)CC2
sample_159,*N(*)CCCCCC
sample_160,*c1c(C#N)c(N)nc2c(N=Nc3cccc(*)c3)c(N)nn12
sample_161,*c1cc(*)c(C)cc1C
sample_162,*OC1CCC2(C)C(C1)CC(O*)C1C3CCC(*)C3(C)CCC12
sample_163,*c1cccc(*)c1O
sample_164,*c1ccc(O)c(*)c1
sample_165,*c1cccc(*)c1N
sample_166,*OCC(O*)C(O*)C(O*)C(O*)C(*)*
sample_167,*c1cc2cncc(*)c2cc1O
sample_168,*n1c(=O)c(C(C)=Nc2ccc(*)c(O)c2)c(O)c2ccccc21
sample_169,*n1nc(*)c(*)c1N
sample_170,*OC1CCC2(C)C(CCC3=C4CCC(*)C4(C)C(O*)CC32)C1
sample_171,*OP(=S)(O*)N1C(=O)c2ccccc2C1=O
sample_172,*NC(*)*
sample_173,*Cc1nnc2sc(*)nn12
sample_174,*n1nc(*)nc1O
sample_175,*N(*)c1onc(C)c1C
sample_176,*N(*)c1c(*)cccc1C
sample_177,*c1cc(=Nc2ccc(*)cc2)cc(*)o1
sample_178,*CC(*)=O
sample_179,*c1cc(*)cc(=Nc2ccc(*)cc2)s1
sample_180,*C(=O)C(=NNc1ccccc1[N+](=O)[O-])C(*)=O
sample_181,*OC1(*)CCC2(C)C(CCC3C4CCCC4(C)CCC32)C1
sample_182,*C(=O)C(C)[NH2+]*
sample_183,*c1ccc(C=O)cc1*
sample_184,*C(=O)C1=C(C(*)=O)C(=O)C(*)C1=O
sample_185,*c1nn2c(=N)c(*)cnc2s1
sample_186,*C(=O)C([NH3+])C*
sample_187,*C(*)c1ccc(C(*)*)cc1
sample_188,*c1n[nH]c2c1C(c1ccc(*)cc1)C(C#N)=C(N)O2
sample_189,*n1[nH]c(O)c2c(*)c(C#N)c(=S)nc1-2
sample_190,*OC1CCC2(C)C(=CC(=O)C3C2CCC2(C)C(O*)CCC32)C1
sample_191,*N1N=C(C)C(=NNc2cccc(*)c2)C1=O
sample_192,*c1ccc(*)c(F)c1
sample_193,*OC(*)CBr
sample_194,*Nc1ccc(*)c(*)c1
sample_195,*Oc1ccc(N=C(C*)N*)cc1
sample_196,*C(=O)C1=C(N*)Oc2c(c(=O)oc3ccccc23)C1c1ccc(Br)cc1
sample_197,*C(O)C(*)(*)O
sample_198,*NC(=S)c1cc(*)c(O)c(*)c1
sample_199,*c1cccc(NNc2cccc(*)c2)c1
sample_200,*Cc1ccc(*)o1
sample_201,*OC1CC2(O)C(C)C(=O)C3(C(O)CC4C(C)(C)CCC(O*)C4(C)C13)C2O
sample_202,*n1nc(*)sc1=NN=Cc1ccc(F)cc1
sample_203,*Oc1cc(C(=S)N2CCCCC2)ccc1*
sample_204,*c1ccc2c(c1*)C(=O)OC2C1c2c(cc3c(c2*)OCO3)CCN1C
sample_205,*C(C)(C)CCCC(C)CC*
sample_206,*Nc1c(C)n(C)n(*)c1=O
sample_207,*C(CC)C(=NNc1ccc([N+](=O)[O-])cc1[N+](=O)[O-])c1ccc(*)cc1
sample_208,*C(=O)C1=NN(*)C(=O)C1(*)Br
sample_209,*C1c2ccccc2C2C1OC1C(*)c3ccccc3C12
sample_210,*C(*)CN*
sample_211,*C(=O)n1c(C)c(*)c2ccccc21
sample_212,*CCN*
sample_213,*N1c2ccccc2Sc2ccc(*)cc21
sample_214,*C(=O)C(=NNc1ccc(*)cc1)[S+2]([O-])([O-])c1ccccc1
sample_215,*N1CCOC(*)C1C
sample_216,*C(*)C(C)=O
sample_217,*OC1OC(*)C(O*)C(O*)C1N*
sample_218,*Cc1nccc2cc(*)c(O)cc12
sample_219,*N(*)c1cc(C*)ccc1C*
sample_220,*C1C(=O)c2ccccc2C1*
sample_221,*n1c(C)cc2c(c1=O)C(c1ccc(*)cc1)C(C#N)=C(N)O2
sample_222,*Cc1cccc(*)c1
sample_223,*C(=O)C1=C(c2ccccc2)NC(=O)NC1*
sample_224,*C(=O)C1=C(N)n2nc(*)nc2NC1*
sample_225,*N[S+2]([O-])([O-])c1ccc(*)cc1
sample_226,*c1nc2ccccc2nc1*
sample_227,*c1oc2c([N+](=O)[O-])cccc2c1*
sample_228,*Cc1cccc(*)c1O
sample_229,*Nc1ccc(N=Nc2ccc(N(Nc3ccc(N*)cc3)C(C)=O)cc2)cc1
sample_230,*Cc1cncc2cc(O)c(*)cc12
sample_231,*c1cc(C)c(*)n1C
sample_232,*C(=O)CCCCN*
sample_233,*OC(*)C#N
sample_234,*C(=O)C1=C(C)N(C)C(=O)NC1*
sample_235,*Oc1cc(*)c(N*)cc1N*
sample_236,*c1cc([N+](=O)[O-])c(*)c([N+](=O)[O-])c1
sample_237,*n1c(C)c(*)c2ccc(*)cc21
sample_238,*C(=O)C1=C(C)N=c2cc3c(cc21)=C(C(*)=O)C(C)=N3
sample_239,*C(=O)C(C*)C(C)=O
sample_240,*CCCC(*)=O
sample_241,*C1(*)CCC(=O)NC1=O
sample_242,*Oc1cc(*)cc2ccccc12
sample_243,*NCCN(*)*
sample_244,*C(*)(*)n1ccnc1
sample_245,*c1cc(I)c(*)c(I)c1
sample_246,*c1ccc(N=Nc2ccc(*)cc2)cc1
sample_247,*Oc1ccc2cc(N*)ccc2c1
sample_248,*Cn1nc(*)cc1C
sample_249,*C(=O)C1=C(C)OC(N)=C(c2nc3ccccc3s2)C1*
sample_250,*OC=CC(=O)CC*
sample_251,*Nc1cc([N+](=O)[O-])c(C*)cc1C*
sample_252,*c1onc2cc(*)c(*)cc12
sample_253,*N(*)C(C(=O)O)C(C)C
sample_254,*C(=O)C(C)NP(=O)([O-])CC*
sample_255,*C1(C#N)c2ccccc2CCc2ccccc2C1(*)C#N
sample_256,*OC*
sample_257,*C[S+]([O-])C*
sample_258,*c1ccc2cc(*)ccc2c1
sample_259,*C1CCCN2C(=O)C(*)(C)C(=O)N12
sample_260,*c1occ(*)c1[S+2]([O-])([O-])c1ccccc1
sample_261,*Nc1ccc2oc(*)c(*)c2c1
sample_262,*c1c(*)c(*)c(C)c(C)c1*
sample_263,*c1ccc2c(c1)CCc1cc(*)c(=O)oc1-2
sample_264,*ON1CCc2cc(*)c(*)cc2C1CC(C)C
sample_265,*OC1CC2C3CCC4=CC(=O)C=CC4(C)C3(F)C(O)CC2(C)C1(*)O
sample_266,*c1ccc(*)c(C)c1
sample_267,*N(*)c1c([N+](=O)[O-])cc(*)cc1[N+](=O)[O-]
sample_268,*C1(O)CCC2(CC1)Cc1cc(*)ccc1C2=O
sample_269,*C(=O)C1=CC(C)[N+](C(*)=O)=N1
sample_270,*C(C)(C)C(=O)N*
sample_271,*OCC1=CC2CC(=O)C3=COC(*)C1C32
sample_272,*OC1CCC2(C)C(C1)CC(O*)C1C2CC(=O)C2(C)C(*)CCC12
sample_273,*Nc1ccc(C*)c([N+](=O)[O-])c1
sample_274,*Nc1cc2c(cc1*)CCC(=O)N2
sample_275,*OC1CCC2C3CCC4CC(*)(O)CCC4(C)C3CCC12C
sample_276,*c1ccc(*)c(*)c1*
sample_277,*O[P+]1([O-])Oc2ccc(Br)cc2C2C1(*)C1c3cc(Br)ccc3O[P+]([O-])(O*)C21*
sample_278,*OC(C*)=NNC(N)=O
sample_279,*C(*)c1cc(I)cc(I)c1O
sample_280,*N(*)c1ccccn1
sample_281,*Nc1c(*)sc2sc(*)c(N*)c12
sample_282,*Nc1ncc(*)cn1
sample_283,*OC1C(N)CC(N*)C(O*)C1O
sample_284,*NC1CCN(*)CC1
sample_285,*C(=O)C1=CCC(*)CC1
sample_286,*C(=O)C(C)C(=O)CC(O)C*
sample_287,*O[S+2]([O-])([O-])c1cc([N+](=O)[O-])ccc1C#Cc1ccc([N+](=O)[O-])cc1[S+2]([O-])([O-])O*
sample_288,*CN1CCN(C*)CC1
sample_289,*N[S+2]([O-])([O-])c1cccc(*)c1
sample_290,*n1c(=O)c2c(*)cc(*)cc2n1C
sample_291,*Nc1nc(C)c(*)c(Cl)n1
sample_292,*Cc1oc2ccc(Cl)cc2c1*
sample_293,*Nc1ccc2cc(*)ccc2c1
sample_294,*Cc1ccc(O)c(*)c1
sample_295,*Nc1ccccc1C#CC#Cc1ccccc1N*
sample_296,*OP(=S)(O*)SCSP(=S)(O*)O*
sample_297,*c1c(C)c(C)c(*)c(C)c1C
sample_298,*C1OC(C)(O)CC(*)C1[N+](=O)[O-]
sample_299,*c1cc2c(cc1*)C1C(=O)c3ccc4c(c3OC1CO2)CC(C(=C)C)O4
sample_300,*Oc1ccc(C(*)*)cc1
sample_301,*Cc1cc(C*)c([N+](=O)[O-])cc1N
sample_302,*Oc1ccc(C*)cc1*
sample_303,*C(=O)C1=C(C)NC(=O)N(C=O)C1*
sample_304,*OCC(C)(CO*)C(C)CC
sample_305,*C(S*)C(O)C(O)C(O)CO
sample_306,*C(C)CC(*)(*)C(N)=O
sample_307,*N(*)c1c([N+](=O)[O-])cc(*)c(N)c1[N+](=O)[O-]
sample_308,*Cc1cc(*)cc(*)c1
sample_309,*Oc1ccc(*)cc1O
sample_310,*Nc1nc(*)nc(N*)n1
sample_311,*C1NC(*)OC1=O
sample_312,*C(*)c1cc(I)ccc1O
sample_313,*c1cc(=O)n2c(*)csc2n1
sample_314,*n1nc(*)c2ccccc21
sample_315,*C(=O)C1=C(C)N(C)C(=O)N(C)C1*
sample_316,*Oc1ccc(C=NN=Cc2ccc(*)c(*)c2)cc1*
sample_317,*c1nc2ccc(Cl)cn2c1*
sample_318,*Oc1cc(*)c(Cl)cc1Cl
sample_319,*N(*)c1c([N+](=O)[O-])cc(S(N)(=O)=O)cc1[N+](=O)[O-]
sample_320,*n1c(=O)c2c3c(ccc2n1C)CCc1cc(*)ccc1-3
sample_321,*C(*)c1ccccc1Br
sample_322,*Nc1cc(N*)c(C*)cc1C*
sample_323,*N(*)c1cc(*)c([N+](=O)[O-])cc1[N+](=O)[O-]
sample_324,*OC1=c2ccccc2=NC1*
sample_325,*CC1CCc2[nH]c(C)c(*)c2C1=O
sample_326,*C(*)C(=NO)c1ccccc1
sample_327,*Cc1cc(C*)c(C*)cc1*
sample_328,*c1nnc(N)nc1*
sample_329,*Cc1nnc2cc(*)c(*)cc2c1*
sample_330,*Nc1cc(*)cc(N*)c1*
sample_331,*Oc1nc(*)nc2nc3ccccc3n12
sample_332,*C(=O)CN(*)*
sample_333,*C1CCC(C)CC1*
sample_334,*n1cc(*)c(=O)c2cnc(*)nc21
sample_335,*C(*)C(=O)C(C)(C)C
sample_336,*CCC(*)C
sample_337,*N1c2cc(*)c([N+](=O)[O-])cc2CCC1C
sample_338,*C(=O)C(C)(C)C(*)*
sample_339,*Oc1c(*)c(*)cc2ccccc12
sample_340,*OC(*)CN=Cc1cccc(C=NCC(O*)O*)c1
sample_341,*Oc1nc(*)nc(C)c1C
sample_342,*CC(=NNc1ccc([N+](=O)[O-])cc1)C(O)C*
sample_343,*c1ccc(C=NNC(=O)C(=O)NN=Cc2ccc(*)cc2)cc1
sample_344,*C1(*)C(=O)CCNC1=O
sample_345,*C(=O)C(C#N)=C(S*)S*
sample_346,*Oc1cnc(*)nc1
sample_347,*C(*)CC(=O)C*
sample_348,*OCC(C*)O*
sample_349,*c1ccccc1N=Nc1cc2c(cc1*)NC(C)CC2
sample_350,*OC1CC2C(C)C(=O)C3(C(*)CC4C5(C)CCCC4(COC5)C13)C2O
sample_351,*C1C(=O)NN(*)C1=O
sample_352,*Cc1ccc(N=Cc2ccc(*)cc2)cc1
sample_353,*C1CCC2(CC1)Cc1cc(*)ccc1C2=O
sample_354,*CC1C(*)C1(C)C
sample_355,*n1c(=O)c(*)cc2c(=O)oc3ccccc3c21
sample_356,*Oc1c(*)cc(C*)cc1*
sample_357,*c1sc2sc(*)c(N=C3SCCS3)c2c1N=C1SCCS1
sample_358,*c1cc2cc3cc(*)c(N)nc3cc2nc1N
sample_359,*c1ccc(C=C[N+](=O)[O-])cc1*
sample_360,*Nc1cc(N)c(C*)cc1C*
sample_361,*C1C(=O)N(*)N=C1C(=O)O
sample_362,*C(*)c1cc([N+](=O)[O-])ccc1O
sample_363,*N1C(=O)C(*)C1*
sample_364,*Oc1cc(*)ccc1*
sample_365,*n1nc(*)c2c(N)ncnc21
sample_366,*OCCCCC*
sample_367,*SC(S*)=C(C#N)C#N
sample_368,*C(*)C(N)=O
sample_369,*C(C)C*
sample_370,*c1cc([N+](=O)[O-])c(*)cc1[N+](=O)[O-]
sample_371,*Oc1cc(*)c2ccccc2n1
sample_372,*C(=O)C1=C(C(*)=O)C(C)N=N1
sample_373,*C1(C2(*)C(=O)C3(C)CCC2C3(C)C)C(=O)C2(C)CCC1C2(C)C
sample_374,*C(CCCN*)C(=O)[O-]
sample_375,*Cc1cc(*)c(C*)cc1*
sample_376,*Nc1ccc(N*)cc1
sample_377,*C(=O)C(*)O*
sample_378,*c1ccc(*)c([N+](=O)[O-])c1
sample_379,*OCCN*
sample_380,*n1ncc(*)c(Cl)c1=O
sample_381,*C(=O)C1=Nc2cc3c(cc2=C1O*)C(O*)=C(C(*)=O)N=3
sample_382,*Nc1ccccc1*
sample_383,*N1C(*)Cc2c([nH]c3ccccc23)C1(C)C
sample_384,*Nc1c(*)cc(Br)cc1Br
sample_385,*NC(C)C(*)O
sample_386,*C1CCC(*)(C)C1(C)C
sample_387,*N(*)c1cc([N+](=O)[O-])c(C*)c([N+](=O)[O-])c1C*
sample_388,*c1cc2c(c(O)c1*)C(CC(C)C)N(C)CC2
sample_389,*Nc1cc(N*)c(C*)c(N*)c1C*
sample_390,*C(*)c1ccc(*)cc1
sample_391,*Oc1ccc2cc3ccc(*)cc3nc2c1
sample_392,*N(*)c1cc(N(*)*)c([N+](=O)[O-])cc1[N+](=O)[O-]
sample_393,*n1[nH]c(=O)n(*)c1=O
sample_394,*N1C(*)CC2CCCCC21
sample_395,*C(*)C1=C(C#N)C(*)C(*)C1(*)O
sample_396,*OC=C(C)C(C)=NO*
sample_397,*C(=O)C(C(*)=O)=C1SC2=C(C(=O)c3ccccc3C2=O)N1*
sample_398,*Cc1c(N)cc(N)c(C*)c1[N+](=O)[O-]
sample_399,*Sc1ccc(*)nn1
sample_400,*c1cc(C#N)cc(*)c1*
sample_401,*C(*)c1ccccc1O
sample_402,*Oc1ccc2cc(O*)ccc2c1
sample_403,*N1c2ccccc2CC1*
sample_404,*Oc1ccc(C=NNC(=O)C(=O)NN=Cc2ccc(O*)cc2)cc1
sample_405,*OC1CCCCC(O*)C1
sample_406,*c1nnc(S)n1N=Cc1ccc(*)cc1
sample_407,*CC(*)C(N)=O
sample_408,*c1cc2c(cc1*)C(=O)C2
sample_409,*OCCN(*)*
sample_410,*Oc1c(*)n(C(C)=O)c2cc([N+](=O)[O-])c(*)cc12
sample_411,*Nc1ccc2c(c1)N(*)c1ccccc1S2
sample_412,*C(=O)C(C*)N*
sample_413,*Oc1ccccc1O*
sample_414,*OC1C(*)OC(*)(*)C1O*
sample_415,*C1(*)CCC(=O)O1
sample_416,*c1cc(*)cc([P+]([O-])(c2ccccc2)c2ccccc2)[o+]1
sample_417,*Oc1ccc(O*)c2ccccc12
sample_418,*N(*)COC
sample_419,*Oc1cccc(N*)c1
sample_420,*OC(*)(C*)C(C)C*
sample_421,*C1(*)Cc2ccc(*)cc2C(=O)O1
sample_422,*c1cc(C)c(*)cc1C
sample_423,*Cc1ccc(C*)cc1
sample_424,*c1cc(*)c(O)c(C)c1*
sample_425,*N[S+2]([O-])([O-])c1cc(*)cc([N+](=O)[O-])c1
sample_426,*OC1(*)CCC2C3C=C(C)C4=CC(=O)CCC4(C)C3CCC21C
sample_427,*NC=CC(*)=O
sample_428,*Nc1ccncc1[S+2]([O-])([O-])N*
sample_429,*OCC([N+])C*
sample_430,*N(*)c1ccccc1
sample_431,*OC1OC(*)C(O)C(O)C1*
sample_432,*OC1CC(C)CCC1*
sample_433,*c1nn(C(=O)NNc2ccccc2)c(N)c1*
sample_434,*OC(*)CN=Cc1ccc(C=NCC(*)*)cc1[N+](=O)[O-]
sample_435,*OCO*
sample_436,*OC1CC2C(=C)C(=O)C3(C(O*)CC4C5(C)CCCC4(C(O*)OC5)C13)C2O*
sample_437,*OC1CCC2(C)C(CCC3C2CC(O*)C2(C)C(*)CCC32)C1
sample_438,*OC1CCC2(C)C(C1)C(Br)C(O)C1C2CC(O*)C2(C)C(*)CCC12
sample_439,*c1nnc(S)n1N=Cc1c(*)cccc1*
sample_440,*C1C(C2(C)CCCCC2*)CCC2(C)C(*)CCC12
sample_441,*C1C2C=CC(C2)C1*
sample_442,*OC(*)CN=Cc1cccc(C=NCC(*)O*)c1
sample_443,*c1cc2nc(O)cc(*)n2n1
sample_444,*CC1C(=O)N(*)N=C1C
sample_445,*C(*)(O)C(=O)O
sample_446,*c1cc2cc(*)c(*)cc2c(*)n1
sample_447,*C(*)(*)c1ccccc1Cl
sample_448,*CC1=CC(*)C(C)=C1C
sample_449,*CC(=Nc1ccc(C)cc1)N*
sample_450,*Oc1cc(C*)ccc1*
sample_451,*Oc1ccccc1C*
sample_452,*NC(*)CO
sample_453,*c1c(C)ccc2c(*)c(C)ccc12
sample_454,*C(*)=O
sample_455,*OC1CC2C(=C)C(=O)C3(C(*)CC4C5(C)CCCC4(COC5)C13)C2O*
sample_456,*N1CC(C2CCCCC2)CC1*
sample_457,*C(=O)C(*)C(=O)C*
sample_458,*OCC1=CC2CC(=O)C3=COC(O*)C1C32
sample_459,*N1N=C(C)C(*)C1=O
sample_460,*c1cc2ccccc2cc1*
sample_461,*C(C)C(*)C(=O)O
sample_462,*Oc1ccc(C(=S)N2CCOCC2)cc1*
sample_463,*C(=O)CO*
sample_464,*CCN(*)*
sample_465,*C1COC2C(*)COC12
sample_466,*Cc1c(C)n(C)n(*)c1=O
sample_467,*Oc1cc(O*)c(N*)cc1N*
sample_468,*C(=O)n1nc(*)c(*)c1N
sample_469,*Oc1cc(C)c(O*)cc1C
sample_470,*C(*)C(=O)O
sample_471,*CC1C(=O)N(*)N=C1C(=O)O
sample_472,*C1Cc2cc(*)ccc2C(=O)O1
sample_473,*Nc1nc2cc(S*)ccc2[nH]1
sample_474,*OP(=S)(O*)O*
sample_475,*c1cc(*)c(O)c(*)c1
sample_476,*c1cc(S)cc(*)c1O
sample_477,*c1nc(C)c(N=Nc2ccc(*)cc2)s1
sample_478,*N1CSC(=S)N(*)C1
sample_479,*c1c2occc2c(*)c2c(=O)cc(C)oc12
sample_480,*C(*)C#N
sample_481,*OC(C*)C*
sample_482,*CC(=O)n1nc(*)c(*)c1N
sample_483,*C(=O)C(C)(C*)C*
sample_484,*Cc1cc(C*)c(*)cc1*
sample_485,*NC1CCCCC(N*)CCCC1
sample_486,*C1CCC2(CC1)Cc1ccc(*)cc1C2
sample_487,*Nc1ccc2c(c1)c(C*)cn2C
sample_488,*n1c(=O)c(*)c(C)n1C
sample_489,*Sc1sc(*)c(N)c1C#N
sample_490,*C(*)c1cc(*)c([N+](=O)[O-])cc1O
sample_491,*C(=O)C(=NNc1ccccc1)c1cc(*)c([N+](=O)[O-])cc1[N+](=O)[O-]
sample_492,*C(=O)n1nc(C)c(*)c1C
sample_493,*c1oc2ccc(Br)cc2c1*
sample_494,*CC(=O)C(C*)=NNc1ccc([N+](=O)[O-])cc1
sample_495,*Oc1c(I)cc(*)cc1I
sample_496,*C(=O)C(*)(*)C
sample_497,*OC1CCC2(C)C(=CCC3C2CCC2(C)C(*)CCC32)C1
sample_498,*C(=O)C(C)O*
sample_499,*n1nc(*)sc1=NN=Cc1ccccc1Cl
sample_500,*C1CC=CCC(*)CC=CC1
sample_501,*C1CNc2cc3c(cc2C1)CC(*)CN3
sample_502,*c1cc(*)cc(*)c1
sample_503,*OC(C*)C(=O)[O-]
sample_504,*[N+](*)C
sample_505,*C1(*)Cc2cccc(*)c2C(=O)O1
sample_506,*C(=O)C1=NC2Sc3sc(*)cc3C(c3ccccc3)C2=C1N
sample_507,*N1CCC(*)(*)CC1
sample_508,*C(=O)C(O)C(N)C*
sample_509,*c1cc(*)c(N)cc1N
sample_510,*n1nc(*)oc1=O
sample_511,*C1(*)C(=O)NC(=O)NC1=O
sample_512,*CC1C(=O)N(*)N=C1c1ccc([N+](=O)[O-])cc1
sample_513,*n1nc(*)c2cc3c(*)nn(*)c3cc21
sample_514,*c1c(C#N)c(=O)n2c(sc3ccccc32)c1*
sample_515,*CC([N+])C*
sample_516,*CC(*)(C#N)C(C)=O
sample_517,*Oc1cc2c(cc1*)CC[N+](C)C2CC(C)C
sample_518,*Cc1cc(C*)c(C*)cc1C*
sample_519,*CCCC(*)C
sample_520,*OC1OC=CC2C(O*)C3OC3(*)C12
sample_521,*c1cc(*)cc[o+]1
sample_522,*n1cc(*)c(=O)o1
sample_523,*C(=O)C(C(C)=O)C(=O)C*
sample_524,*C(=O)C(*)C#N
sample_525,*C(*)C1C(=O)N(*)N=C1C
sample_526,*C1(*)Cc2cc(*)ccc2C(=O)O1
sample_527,*OC1C(*)OCC1(*)O*
sample_528,*n1ncc(*)c1N
sample_529,*OC1CCC2(C)C(=CC(=O)C3C2CCC2(C)C(*)CCC32)C1
sample_530,*C(=O)NN=C(C)c1c(O)c2ccccc2n(*)c1=O
sample_531,*Oc1cc(O*)cc(O*)c1
sample_532,*C1CC2CCN1CC2*
sample_533,*OC(=O)C(*)C
sample_534,*n1c(*)nc2ccccc21
sample_535,*Cc1cc(C*)cc(C*)c1
sample_536,*OC(*)CN=Cc1ccc(C=NCC(O*)O*)c([N+](=O)[O-])c1
sample_537,*c1cc2cc3cc(*)c(C)nc3cc2nc1C
sample_538,*c1cc(C=C[N+](=O)[O-])c([N+](=O)[O-])cc1*
sample_539,*C1CSC(*)N1
sample_540,*OC1OC(C)C(O*)C(O*)C1O*
sample_541,*O[P+]1([O-])Oc2ccccc2C2C1(*)C1c3ccccc3O[P+]([O-])(O*)C21*
sample_542,*N1C(=O)C(*)NC1=S
sample_543,*Oc1ccc(C=Nc2ccc(C*)cc2)cc1
sample_544,*C1CCCCC1*
sample_545,*c1oc2ccc([N+](=O)[O-])cc2c1*
sample_546,*CC(=NNc1ccc(Br)cc1)C(O)C*
sample_547,*C1CCc2cc(*)ccc2C1C
sample_548,*Nc1ccc(*)cc1
sample_549,*C1OC(*)C(O)C(O)C1*
sample_550,*C(=O)N*
sample_551,*c1oc2ccc(*)cc2c1*
sample_552,*C(=O)C(C#N)=NNc1ccc(*)cc1
sample_553,*C1CCC2(C)C(CC(=O)C3C4CCC(*)C4(C)CCC32)C1
sample_554,*C(*)C(O)C(O)C(O)CO
sample_555,*C(=O)C(C)CC(=O)C(C*)N*
sample_556,*C(=O)C(CCC(=O)O)N*
sample_557,*OC1CCC2(C)C3CCC4=C(CCC4(*)C)C3CCC2(C)C1
sample_558,*SC(S*)=C(C#N)C(N)=O
sample_559,*NC(=O)C*
sample_560,*C1(*)CCC2(C)C3CCC4(C)C(=O)CCC4(O)C3CCC2(C)C1
sample_561,*c1cc(=Nc2ccc(*)cc2)cc(*)s1
sample_562,*OC(=S)N*
sample_563,*C(CC*)C(=O)[O-]
sample_564,*C1(O)NC(*)(O)C(*)C(*)C1*
sample_565,*c1c(C)c(C)c(*)c(C=O)c1C
sample_566,*c1cc2c(cc1*)C(C)[N+](C)CC2
sample_567,*C(=O)C(=NNc1ccc(*)cc1)C(=O)C(F)(F)F
sample_568,*C(*)[N+]
sample_569,*C(=O)C(CCCC[NH3+])N*
sample_570,*NC1CC(O)C(*)O1
sample_571,*Nc1cc(*)c(N*)cc1*
sample_572,*OC1OC(C*)C(O)C(O)C1O
sample_573,*C(*)CC=O
sample_574,*c1cc2c(c(*)c1O)C(CC(C)C)N(C)CC2
sample_575,*C(C*)C(=O)O
sample_576,*C1(*)Cc2ccc(C)cc2C(=O)O1
sample_577,*c1cc(*)c2c(=O)c(=O)c2c1
sample_578,*Nc1nc(*)c(*)c(C)n1
sample_579,*C(*)c1ccc(C#N)cc1
sample_580,*CC1Nn2c(*)nnc2S1
sample_581,*Oc1c(C*)cc(*)c(O)c1C
sample_582,*OC1CC2C(C)C(=O)C3(C(O)CC4C(C)(C)CCC(O*)C4(C)C13)C2O
sample_583,*OC1C(Br)C2CCCCC2(C)C2CCC3(C)C(*)CCC3C12
sample_584,*C1CCc2cc(*)cc(C)c2C1=O
sample_585,*OC1CCC2(C)C(CC(=C)C3C2CCC2(C)C(O*)CCC32)C1
sample_586,*N(*)C1CCCCC1
sample_587,*c1c(C)nc2cc3nc(C)c(*)c(C)c3cc2c1C
sample_588,*OC1CC2C(=C)C(=O)C3(C(O*)CC4C(C)(C)CCCC4(*)C13)C2O*
sample_589,*OC1CC2(O*)C(=C)C(=O)C34C(CC5C(C)(C)CCC(O*)C5(C)C13)OC(C)(C)OC24
sample_590,*Cc1cc(*)ccc1*
sample_591,*C(Br)C*
sample_592,*Oc1cc(O*)c(C)cc1C
sample_593,*Cn1c(*)nc2ccccc21
sample_594,*C1CCCC1*
sample_595,*OCC*
sample_596,*CCCC(*)O
sample_597,*C1CC(O)C(*)O1
sample_598,*CC(=Nc1ccccc1)N*
sample_599,*OC1CC2C(=C)C(=O)C3(C(O*)CC4C5(C)CCCC4(C(O)OC5)C13)C2O*
sample_600,*C1C2=C(OC(=O)C1(C)C)c1ccc(*)cc1CC2
sample_601,*OC=Cc1c(*)cnn1*
sample_602,*c1c(*)c(*)c2ccccc2c1*
sample_603,*CC(*)C*
sample_604,*C(=O)C(CCCC[NH3+])[NH2+]*
sample_605,*CC(N*)C(=O)O
sample_606,*n1nc(*)c2c1OC(N)=C(C#N)C2c1c(Cl)cc(Cl)cc1Cl
sample_607,*NC1=NC(=O)C(*)N1C
sample_608,*O[P+]1([O-])Oc2ccc(Cl)cc2C2C1(*)C1c3cc(Cl)ccc3O[P+]([O-])(O*)C21*
sample_609,*c1cc2ccc(*)cc2[nH]1
sample_610,*Cc1oc2ccc([N+](=O)[O-])cc2c1*
sample_611,*CCC(*)(*)O
sample_612,*C1Cc2ccccc2C(=O)C1*
sample_613,*n1nc(*)n(N=Cc2ccccc2)c1=S
sample_614,*OC1C(C)C(=O)OC(*)C(C)(O)C(O)C(C)C(=O)C(C)CC(C)(O)C(*)C1C
sample_615,*c1cc(Cl)c(*)cc1Cl
sample_616,*CC(*)C
sample_617,*OCC(O*)C(O*)C(O*)C(O*)C(=O)O
sample_618,*OP(=O)(O*)O*
sample_619,*c1cc(*)n2nc(*)cc2n1
sample_620,*c1c(Cl)c(Cl)c(*)c(Cl)c1Cl
sample_621,*N[S+2]([O-])([O-])c1cnccc1*
sample_622,*C(*)c1ccc(O)cc1
sample_623,*c1cc2cc3c(cc2cc1*)CC3
sample_624,*C(=O)C(C(*)=O)C(*)*
sample_625,*N(*)c1ccc2c(c1)OCO2
sample_626,*C(*)c1cc(Br)cc([N+](=O)[O-])c1O
sample_627,*OC(CN=Cc1cccc(C=NCC(*)*)c1)O*
sample_628,*c1ccc([N+](=O)[O-])cc1*
sample_629,*C(*)C(O)C(O)C(O)C(O)CO
sample_630,*c1ccc(*)o1
sample_631,*C(*)O
sample_632,*N1CCCCC1*
sample_633,*c1cc2nc(C)cc(*)n2n1
sample_634,*Oc1c(*)oc2cc(*)cc(O)c2c1=O
sample_635,*N(*)CC(C)C
sample_636,*C(=O)C(*)C*
sample_637,*N1CCCC1*
sample_638,*CC(*)(O)C*
sample_639,*C(=O)C(C*)C*
sample_640,*N1CC2(CC1*)SCCS2
sample_641,*C(*)CC
sample_642,*Cc1cc2c(cc1N)NC(*)C2
sample_643,*C(C)CC(*)(*)C(=O)CC
sample_644,*n1nc(*)c2c1OC(N)=C(C#N)C2c1ccc(F)cc1
sample_645,*C(=O)C(C#N)=c1sc(=C(C#N)C(*)=O)s1
sample_646,*N1N=C(C)C(*)(Br)C1=O
sample_647,*C(S*)C(O)C(O)C(O)C(O)CO
sample_648,*[N+]1(*)c2cc(N)c(C*)cc2CC1*
sample_649,*N1c2cc3c(cc2CCC1C)N(*)C(C)CC3
sample_650,*c1cc(*)c(O)c(N=Nc2cc(*)cc(*)c2O)c1
sample_651,*C(*)C(*)*
sample_652,*C(*)(O)C(C)O
sample_653,*Nc1ccc2c(N*)c(O)ccc2c1
sample_654,*C1CC(*)(C)C(O)C(C)O1
sample_655,*c1oc(*)c(C)c(=O)c1C
sample_656,*c1cc(*)cc2[n+]1-c1ccccc1C2(C)C
sample_657,*OC1C=CC=CCC1O*
sample_658,*Cc1ccc2c3ccccc3c3ccccc3c2c1*
sample_659,*C(=O)C(Cl)(C*)C(*)=O
sample_660,*C(*)(*)c1ccccc1
sample_661,*C(=O)C1(C)C(=C)N(*)c2ccccc21
sample_662,*NCC(*)*
sample_663,*N1N=C(c2ccc([N+](=O)[O-])cc2)C(*)C1=O
sample_664,*OC1OC(*)C(O*)C(O*)C1O*
sample_665,*Nc1cc(N*)c(*)cc1*
sample_666,*C1OC(*)C1=O
sample_667,*Cc1nc2ccccc2nc1C*
sample_668,*C(=O)C=C1SC(*)C(=O)N1*
sample_669,*c1ccc2c(c1*)C(=O)OC2C1c2cc3c(cc2CCN1C)OCO3
sample_670,*c1ncc(C)c(*)c1C
sample_671,*OCC(*)=O
sample_672,*n1nc(*)c2ccccc2c1=O
sample_673,*C1N=NC(N=Cc2ccc(*)cc2)=N1
sample_674,*C(=O)CC(*)C
sample_675,*Nc1cccc2c1ccc1nc(*)c(*)nc12
sample_676,*c1cc(*)cc(*)[s+]1
sample_677,*C1C=Cc2cc(*)ccc2N1
sample_678,*c1cc2cc3cc(*)c(=NC(C)=O)n(C(C)=O)c3cc2n(C(C)=O)c1=NC(C)=O
sample_679,*C(*)c1ccccn1
sample_680,*c1cc2c(cc1*)C(CC(C)C)[N+](C)CC2
sample_681,*c1cc(C)c2cc3c(C)cc(*)nc3cc2n1
sample_682,*OC1(*)CCC2(C)C(CCC3C4CCC(O)C4(C)CCC32)C1
sample_683,*C1CC(N=[N+]=[N-])C(*)O1
sample_684,*OC1CC2C3CCC(*)C3(C)CCC2C2(C)CCC(O)CC12O
sample_685,*CC(=NNc1ccccc1)C(C*)=NNc1ccccc1
sample_686,*c1ncccc1*
sample_687,*CC(=NNc1ccc([N+](=O)[O-])cc1)C(C*)=NNc1ccc([N+](=O)[O-])cc1
sample_688,*OC1CC(C#N)OC1O*
sample_689,*Nc1ccc(N=Nc2ccc([N+]([O-])=Nc3ccc(N*)cc3)cc2)cc1
sample_690,*C(=O)C(C)(C)C1=CCC2(C)C(CCC3C4CCC(*)C4(C)CCC32)C1
sample_691,*Nc1ccc(N=Nc2cc(C)c(N=Nc3ccc(N*)cc3)cc2*)cc1
sample_692,*Oc1cc(*)cc(O*)c1
sample_693,*c1ccccc1*
sample_694,*OC(*)CN=Cc1ccc(C=NCC(O*)O*)cc1[N+](=O)[O-]
sample_695,*Oc1c(*)cc([N+](=O)[O-])c(C)c1[N+](=O)[O-]
sample_696,*Oc1ccc(*)c(C)c1
sample_697,*SS*
sample_698,*c1cc(*)nc(*)n1
sample_699,*SP(=O)(S*)S*
sample_700,*C1(*)C(=O)NCNC1=O
sample_701,*C(*)c1nc2ccccc2s1
sample_702,*c1nc(*)n2c(n1)nc1ccccc12
sample_703,*C1CCC2(C)C(C1)C(Br)C(=O)C1C2CC(*)C2(C)C(*)CCC12
sample_704,*C(=O)C*
sample_705,*OC1CCC2(C)C(CCC3C2CCC2(C)C3CCC2(C#Cc2ccccc2)O*)C1
sample_706,*OC(CN=Cc1ccc(C=NCC(O*)O*)c([N+](=O)[O-])c1)O*
sample_707,*n1c(=O)c2c3c(c(*)cc2n1C)CCc1ccccc1-3
sample_708,*N1N=C(C)C(=NNc2ccccc2*)C1=O
sample_709,*N(C)C(=S)C(*)=O
sample_710,*Cc1cc2c(cc1N=Cc1ccccc1Cl)NC(*)C2
sample_711,*C(C)C(*)(*)O
sample_712,*OC1CC2CC(=O)CCC2(C)C2CC(=O)C3(C)C(*)CCC3C12
sample_713,*C1(C#N)CC1(C#N)S*
sample_714,*Cc1nc2ccccc2nc1*
sample_715,*C(=O)C(C*)(C*)C(C)=O
sample_716,*N(*)C(SC)=C(C#N)C(N)=O
sample_717,*OCC(O*)C(O*)C(O*)C(O*)C(*)S*
sample_718,*C(=O)C(C(*)=O)C(C)=O
sample_719,*Cc1ccc([N+](=O)[O-])c(C*)c1
sample_720,*C(=O)C(*)CC
sample_721,*c1cc(C)nc2c(N=Nc3ccc(*)cc3)c(N)nn12
sample_722,*Cc1cc(C*)cc([N+](=O)[O-])c1
sample_723,*Oc1cc2c(cc1*)CCNC2C
sample_724,*c1sc2sc(*)c(C)c2c1C
sample_725,*C(*)C(=O)C*
sample_726,*Cc1cncc2c(O)c(*)ccc12
sample_727,*CC(=O)n1c(C)c(*)c2cc(*)ccc21
sample_728,*C1(*)CCC2(C)C3CCC4(C)CCCC4(O)C3CCC2(C)C1
sample_729,*CC1C(O)CC(=O)C1*
sample_730,*C(*)c1ccc(*)o1
sample_731,*C(=O)C(*)(C)C#N
sample_732,*Nc1cccnc1*
sample_733,*C1CCCC2=C1OC(=O)C(C)(C)C2*
sample_734,*Oc1ccc(C=O)cc1*
sample_735,*C(=O)CCC(N[P+]([O-])(OC)C(C)N*)C(*)=O
sample_736,*OC1OC(*)C(O)C(N)C1O
sample_737,*C(*)C1C2CCC(C)(C1O)C2(C)C
sample_738,*c1cc(C(C)=NO)cc(*)c1O
sample_739,*Cc1ccc(*)c(*)c1
sample_740,*c1c(Cl)ccc(Cl)c1*
sample_741,*N1C(=O)C(*)(*)N1c1ccccc1N=Nc1ccccc1
sample_742,*OC1C(*)OC(C)C(O*)C1O*
sample_743,*Oc1nc(*)nn1*
sample_744,*OC1C=CC=CC=CC=CCC(C)OC(=O)C=CC2OC2CC(O)CC2(O)CC(O)C(*)C(C1)O2
sample_745,*Cc1ccc(C*)c([N+](=O)[O-])c1
sample_746,*CC(=Nc1ccc(*)cc1)N*
sample_747,*N1N=C(C(F)(F)F)C(=NNc2cccc(*)c2)C1=O
sample_748,*Oc1ccccc1N*
sample_749,*Cc1c(C)cc(*)c(C)c1C
sample_750,*n1c(=O)c(C(C)=Nc2ccc(*)cc2)c(O)c2ccccc21
sample_751,*Oc1ccc2[nH]c(N*)nc2c1
sample_752,*c1cc([P+]([O-])(c2ccccc2)c2ccccc2)cc(*)[n+]1C
sample_753,*C1(*)Cc2c(C)c(C)c(C)c(C)c2C(=O)O1
sample_754,*OCC([N+])CO*
sample_755,*OCC(O)CN*
sample_756,*N1N=C(c2cccc(C3=NN(*)C(=O)C3)c2)CC1=O
sample_757,*Oc1cc2c(cc1*)CCNC2CC(C)C
sample_758,*Nc1ccc(N=Nc2ccc(N=Nc3ccc(N=Nc4ccc(N*)cc4)cc3)cc2)cc1
sample_759,*Nc1cc(N*)c([N+](=O)[O-])cc1[N+](=O)[O-]
sample_760,*C(*)c1cc(*)c(*)cc1N
sample_761,*C1CC(*)C1=O
sample_762,*Cc1nn2c(*)nnc2s1
sample_763,*C(*)(*)c1cccc(*)c1
sample_764,*OC1CC2(O)C(=C)C(=O)C3(C(O*)CC4C(C)(C)CCC(O*)C4(C)C13)C2O*
sample_765,*n1nc(*)sc1=N
sample_766,*Cc1c(N)cc(N)c(C*)c1N
sample_767,*C(=O)C(*)C(C)=O
sample_768,*Cc1nc2cc([N+](=O)[O-])ccc2n1*
sample_769,*OC(*)*
sample_770,*N1N=C(C(F)(F)F)C(=NNc2cc(*)n[nH]2)C1=O
sample_771,*C(=O)C1=C(N)Oc2cc(C)n(*)c(=O)c2C1c1ccc(*)cc1
sample_772,*C1COC(*)(*)O1
sample_773,*Cc1nc(O)n(*)n1
sample_774,*Oc1ccc2c(N*)cccc2c1
sample_775,*OC1CC23OC(C)(C)OC2C2(C(=O)C3=C)C(O*)CC3C(C)(C)CCC(O*)C3(C)C12
sample_776,*c1c(C)ccc(Br)c1*
sample_777,*OC(C)(C)C(=O)N*
sample_778,*c1c(C)c(C)c(*)c2c1CC2Cl
sample_779,*OCC(*)CO*
sample_780,*c1nnc2n1N[P+]([S-])(c1ccc(*)cc1)S2
sample_781,*Cc1ccc(C*)c(N)c1
sample_782,*c1oc2cc(*)cc(O)c2c(=O)c1*
sample_783,*C(=O)C1=C(C)NC(=O)NC1*
sample_784,*C(=O)C1c2ccccc2C(=O)OC1*
sample_785,*C1CC2c3ccccc3NC2C(*)(C)N1
sample_786,*c1csc(C(C#N)=NNc2ccc(*)cc2)n1
sample_787,*c1cc2nn[nH]c2cc1*
sample_788,*c1oc2ccc(I)cc2c1*
sample_789,*C(*)(*)n1cncn1
sample_790,*c1ccc(Cl)cc1*
sample_791,*N(*)c1c(C)cccc1C
sample_792,*c1cc(*)c(C=O)c(C)c1
sample_793,*OC1CC2CCC(C1*)N2C
sample_794,*OCC(O*)C(O*)C(O*)C(C#N)O*
sample_795,*C1CC2(CCC1=O)Cc1cc(*)ccc1C2=O
sample_796,*Cc1ccc(*)c(O)c1
sample_797,*NCC*
sample_798,*CC(O)CN*
sample_799,*c1nn2c(*)nnc2s1
sample_800,*c1cccc([N+](=O)[O-])c1*
sample_801,*c1cc2c(cc1*)C(c1ccc(C)o1)SC(c1ccc(C)o1)=N2
sample_802,*C(=O)C1=NN(*)C(=O)C1(*)Cl
sample_803,*OC1C(C)C(=O)OC(*)C(C)(O)C(O)C(C)C(=O)C(C)CC(C)(O)C(O*)C1C
sample_804,*C(=O)C(CC)C(=O)C*
sample_805,*c1ccc([S+2](N)([O-])[O-])cc1*
sample_806,*Cc1cc(*)c(*)c(*)c1
sample_807,*c1ccc(Br)c(C)c1*
sample_808,*c1noc(*)c1*
sample_809,*c1ccc2c(=O)c(*)coc2c1
sample_810,*CCS*
sample_811,*OC1CC2C(C)C(=O)C3(C(*)CC4C5(C)CCCC4(COC5O)C13)C2O
sample_812,*C(*)n1cncn1
sample_813,*n1nc(*)c2c1OC(N)=C(C#N)C2c1ccc(*)cc1
sample_814,*C(Br)C(*)Br
sample_815,*SC(S*)C(O)C(O)C(O)CO
sample_816,*C(=O)C(=NC1C2CCC(C)(C1N=C(C(*)=O)c1ccccc1)C2(C)C)c1ccccc1
sample_817,*OC1(*)CC23CCC4C(*)(C)CCCC4(C)C2CCC1C3
sample_818,*OC1CCC2(C)C(C1)C(Br)C(=O)C1C2CC(O*)C2(C)C(*)CCC12
sample_819,*[NH2+]C1CCCC2SCC(*)N2C1=O
sample_820,*C(=O)C1=NOC2C(=O)N(*)C(=O)C12
sample_821,*Cc1ccc(N=[N+]([O-])c2ccc(C*)cc2)cc1
sample_822,*OC1CC2(O)C(=C)C(=O)C34C(CC5C(C)(C)CCC(O*)C5(C)C13)OC(C)(C)OC24
sample_823,*OC1Oc2ccc(*)cc2C1(C)C
sample_824,*OC1CCC2(C)C(C1)C(O)C(O)C1C2CC(O*)C2(C)C(*)CCC12
sample_825,*CC(C*)C(=O)O
sample_826,*C(=O)C(C*)(C*)CCCC
sample_827,*OC1CC2C(CCC3(C)C(*)CCC23)C2(C)CCC(=O)C=C12
sample_828,*OC(CN=Cc1cccc(C=NCC(O*)O*)c1)O*
sample_829,*Nc1cc(N*)c(C)cc1C
sample_830,*Nc1nc2ccccc2n1C*
sample_831,*Nc1ccc(C2=NN(*)C(=O)C2)cc1
sample_832,*Oc1ccc(C=NN=Cc2ccc(O*)c(*)c2)cc1*
sample_833,*CC(*)C(*)Cl
sample_834,*C(*)C(C(C)=O)C(C)=O
sample_835,*C(*)c1cc(Br)ccc1O
sample_836,*OC(=S)N(*)C
sample_837,*c1ccc(N=C(C#N)c2ccc(C(C#N)=Nc3ccc(*)cc3)cc2)cc1
sample_838,*Nc1cc(N*)c(C*)c([N+](=O)[O-])c1C*
sample_839,*CCC(*)Br
sample_840,*Cn1c(=O)c(*)cc2c(=O)oc3ccccc3c21
sample_841,*OC(C)O*
sample_842,*C1Nc2nc(*)nn2C(N)=C1C#N
sample_843,*C1(C)CCC(*)C(C)(C)O1
sample_844,*NC(*)N*
sample_845,*OC1CCC2(C)C(CCC3C4CC=C(C*)C4(C)CCC32)C1
sample_846,*NCCN*
sample_847,*C1Oc2ccc(*)cc2C1(C)C
sample_848,*N1CCc2cc(*)c(O)cc2C1
sample_849,*C(=O)C(*)CCCC[NH3+]
sample_850,*C(=O)CP(=O)([O-])CC(C*)N*
sample_851,*OCC(O*)C(O*)C(O*)C(O*)C(S*)S*
sample_852,*Cc1cc(*)c(*)cc1*
sample_853,*C(*)C(C)(C)C(=O)O
sample_854,*NC(=Nc1ccc(C)cc1)c1cc(*)c(O)c(*)c1
sample_855,*CC*
sample_856,*CC1OC(C)(C)OC1C*
sample_857,*C(*)CCl
sample_858,*CCC(*)(C)O
sample_859,*NC1C(*)C2CCC1(C)C2(C)C
sample_860,*OC1OC(*)C(O)C(O)C1O
sample_861,*OC1CCC2(C)C(CCC3C2CCC2(C)C3CCC2(*)O)C1
sample_862,*OC(C*)C[S+2]([O-])([O-])c1ccccc1
sample_863,*Cc1c(O)c2ccccc2n(*)c1=O
sample_864,*c1c(C)c(*)c2c(c1C)C(=O)C2
sample_865,*C(*)CN=Cc1cccc(C=NCC(*)*)c1
sample_866,*N(*)C1CCN(C)CC1
sample_867,*CC(*)(*)O
sample_868,*C(=O)C1(C(*)=O)C=C(OC)c2ccccc21
sample_869,*Oc1cc(*)cc(*)c1*
sample_870,*OC1CC2C(=C)C(=O)C3(C(*)CC4C5(C)CCCC4(COC5O*)C13)C2O*
sample_871,*N1CCC(C2(*)CCC(=O)NC2=O)CC1
sample_872,*NC(C*)C(N)=O
sample_873,*C(*)c1cc(*)c(*)cc1N=C=S
sample_874,*CCCCCC*
sample_875,*N1CCC(*)CC1
sample_876,*OC1CCC2C3CCC4CC(c5ccc(*)cc5)=CCC4(C)C3CCC12C
sample_877,*c1nnc(*)s1
sample_878,*c1ccc(C=c2sc3nc4ccccc4n3c2=O)cc1*
sample_879,*CC(*)*
sample_880,*C(*)(C)C1=CCC(*)C(C)(C)O1
sample_881,*Oc1c(*)cc(*)cc1*
sample_882,*C(C)CCCN(*)*
sample_883,*C(*)Cl
sample_884,*Sc1ccc2c(*)c(=O)ncn2n1
sample_885,*Nc1cc(*)nc(*)n1
sample_886,*Oc1ccc(C=NNC(=O)C(=O)NN=Cc2ccc(*)cc2)cc1
sample_887,*OC=Nc1c(*)sc2sc(*)c(N=CO*)c12
sample_888,*NC(=O)Nn1c(*)nnc1S
sample_889,*NC(*)C(=O)O
sample_890,*C(=O)C(*)(*)*
sample_891,*c1ncc(*)cn1
sample_892,*OCC(O*)C(*)C(O*)C(C#N)O*
sample_893,*C(*)c1ccccc1*
sample_894,*c1cccc2c(C)c3cccc(*)c3cc12
sample_895,*c1ccc(*)c2c1C(=O)OC2O
sample_896,*Nc1ccc([S+2]([O-])([O-])c2ccc(N*)cc2)cc1
sample_897,*OC1CCCCCC1O*
sample_898,*Nc1ccc(*)nn1
sample_899,*C1(*)OC(=O)C2CCC1(C)OC2(C)C
sample_900,*C(=O)C(Br)C(*)Br
sample_901,*OCC(O*)C(O*)C(O*)C(O*)C(N)=O
sample_902,*Oc1cc(C)ccc1*
sample_903,*Oc1cccc(N=Nc2cccc(O*)c2)c1
sample_904,*OC1(*)CCC2(C)C(CCC3C4CCC(=O)C4(C)CCC32)C1
sample_905,*n1nc(*)c([S+2]([O-])([O-])c2ccccc2)c1*
sample_906,*c1cc2cc3ccccc3cc2cc(*)c1=O
sample_907,*C1C2CCC(C)(C1*)C2(C)C
sample_908,*C(=O)CCC([NH2+]*)C(=O)[O-]
sample_909,*c1cc(*)c2oc3c(*)cc(*)c(=O)c-3nc2c1
sample_910,*Cc1cc(*)c(*)cc1C*
sample_911,*c1cc(C(=NC)NC)cc(*)c1O
sample_912,*C(C)C(*)O
sample_913,*Nc1nc(*)cs1
sample_914,*n1cc([N+](=O)[O-])c(*)n1
sample_915,*CC(=O)C(=O)C(*)Br
sample_916,*c1cc(*)cc(*)[o+]1
sample_917,*N(*)CC=C
sample_918,*Cc1c(*)ccc2c3ccccc3c3ccccc3c12
sample_919,*Nc1ccc(C2=NN(*)C(=O)C2C*)cc1
sample_920,*c1ccc(C=NN=Cc2ccc(*)c(*)c2)cc1*
sample_921,*Nc1ccc(N*)c(N)n1
sample_922,*C1CCCCC(*)CCCC1
sample_923,*c1noc(*)c1[S+2]([O-])([O-])c1ccccc1
sample_924,*OC(*)C(*)=O
sample_925,*OP(=S)(O*)S*
sample_926,*c1ccc2[nH]cc(*)c2c1
sample_927,*C(=O)CC(C)CC*
sample_928,*C(*)c1cccc2c(Br)ccc([N+](=O)[O-])c12
sample_929,*Oc1cc(O*)c2c(=O)c(O*)c(*)oc2c1
sample_930,*C(*)(C)C
sample_931,*c1ccccc1N=Nc1ccccc1*
sample_932,*c1ccc2c(*)cncc2c1O
sample_933,*OC1CCC2(C)C(CCC3C2CCC2(C)C3CCC2(O)C*)C1
sample_934,*C1CCC(*)CC1
sample_935,*c1cccc(*)c1*
sample_936,*C[S+2]([O-])([O-])C*
sample_937,*Cc1ccccc1*
sample_938,*c1ccc(C)c(*)c1
sample_939,*C(=O)CC(C*)(C*)C(*)=O
sample_940,*C(*)CC(C)=O
sample_941,*C1(*)C2CCCCCCC21
sample_942,*C(*)C[N+](=O)[O-]
sample_943,*OC(C*)O*
sample_944,*Cc1c(C)c(C*)c(C)c(C*)c1C
sample_945,*C(=O)NNC(*)=O
sample_946,*C(=O)NN=Cc1ccc(*)c(*)c1
sample_947,*n1c(=O)c(NN=C(C#N)c2nc(*)cs2)c(C)n1C
sample_948,*C(=O)C(C(*)=O)C(*)Br
sample_949,*n1nc(*)c2c1OC(N)=C(C#N)C2c1ccccc1
sample_950,*c1cc(*)n2nc(N)c(N=Nc3cccc([N+](=O)[O-])c3)c2n1
sample_951,*Cc1ccc2c3ccccc3c3ccccc3c2c1C*
sample_952,*Oc1cc(C=C[N+](=O)[O-])ccc1*
sample_953,*c1csc(*)n1
sample_954,*Cc1nc(*)cc2cc(*)c(*)cc12
sample_955,*c1cc(*)c(O)c(*)c1O
sample_956,*NC(*)C#N
sample_957,*C(=O)CCCCCCCCC(*)=O
sample_958,*OCC(C)(CCC)CO*
sample_959,*c1sc2sc(*)c(N)c2c1N
sample_960,*C1OC(C)CC(*)C1O
sample_961,*C1Cc2cc(*)c(N=Cc3ccccc3)cc2N1
sample_962,*C(*)c1cc(Cl)ccc1O
sample_963,*C(=O)C1=NN(c2ccccc2)C2C(=O)N(*)C(=O)C12
sample_964,*CC1Nc2cc(*)c(S(N)(=O)=O)cc2S(=O)(=O)N1
sample_965,*c1cc2nnc(*)n2[nH]1
sample_966,*c1c(C#N)c(N)nc2c(N=Nc3ccc(*)cc3)c(N)nn12
sample_967,*Oc1ccc2c(=O)c(*)coc2c1
sample_968,*N1CC(C*)CC1*
sample_969,*C(=O)CCC(=O)C(C*)N*
sample_970,*c1cc(*)c2c(c1)C(O)OC2=O
sample_971,*C(=O)C(*)C(*)=O
sample_972,*CCN(CC*)N=O
sample_973,*Cc1cc2c(cc1*)NC(=O)CC2
sample_974,*n1nc2ccc(*)cc2n1
sample_975,*CC(*)C[S+2]([O-])([O-])c1ccccc1
sample_976,*n1c(*)nnc1S*
sample_977,*c1cc(*)c(*)c(O)c1
sample_978,*CC(=NO)C(C*)=NO
sample_979,*c1ccc(*)c(N)c1
sample_980,*C(*)c1ccccc1
sample_981,*OCCC(*)O*
sample_982,*NC(=Nc1ccccc1)c1cc(*)c(O)c(*)c1
sample_983,*c1cc(*)nc(C)n1
sample_984,*N(*)[S+2]([O-])([O-])c1ccc(*)cc1
sample_985,*C1(*)Cc2c(C)cccc2C(=O)O1
sample_986,*C(=O)CCC(*)=O
sample_987,*C(=O)C1=C(C(*)=O)Cc2cc3c(cc2C1)CC(C(*)=O)=C(C(*)=O)C3
sample_988,*OC(*)C*
sample_989,*OP(=S)(O*)SCS*
sample_990,*Oc1c(*)n(C(C)=O)c2cc([N+](=O)[O-])ccc12
sample_991,*OCC(*)C[S+2]([O-])([O-])c1ccccc1
sample_992,*C(*)[S+]([O-])CC(=O)NO
sample_993,*n1cc(*)c(=O)c2cc(F)c(*)cc21
sample_994,*c1oc2ccc(C)cc2c1*
sample_995,*NC(*)=O
sample_996,*C(=O)CC(C(*)=O)C(CC(*)=O)C(*)=O
sample_997,*N1CCC2(CC1)C(=O)NCN2*
sample_998,*Nc1ccc(*)c(N*)c1
sample_999,*CC(C)N*
sample_1000,*NC(C*)C([NH2+]*)C(=O)[O-]
sample_1001,*NC=C(C*)C(C)=O
sample_1002,*C(*)(O)C(N)C(C)C
sample_1003,*C(=O)C(*)C
sample_1004,*Nc1cc2c(cc1C*)CC(*)N2*
sample_1005,*N1c2cc(*)ccc2CCC1C
sample_1006,*OC1CC2(O*)C(=C)C(=O)C3(C(O*)CC4C(C)(C)CCC(O*)C4(C)C13)C2O*
sample_1007,*c1ccc2cc([N+](=O)[O-])ccc2c1*
sample_1008,*C(=O)C(S)C*
sample_1009,*C(*)C(=O)[O-]
sample_1010,*c1nnc(S)n1N=Cc1cc(*)ccc1*
sample_1011,*Nc1cc(C*)ccc1C*
sample_1012,*C(*)C(Cl)Cl
sample_1013,*CC(=O)C(C*)=NNc1ccccc1
sample_1014,*OC1=c2ccc([N+](=O)[O-])cc2=NC1=c1ccc(=C2N=c3cc([N+](=O)[O-])ccc3=C2O*)cc1
sample_1015,*OC1C=C(C#N)OC(*)C1O*
sample_1016,*C1OC(=O)C(C)C(*)C(C)C(*)C(C)(O)CC(C)C(=O)C(C)C(O)C1(C)O
sample_1017,*C1(*)CC23CCC4C(*)(C)CCCC4(C)C2CCC1C3
sample_1018,*NC*
sample_1019,*c1cc(N)c(*)cc1N
sample_1020,*C(=O)C(C(C)=O)C(C)C(C(*)=O)C(C)=O
sample_1021,*c1cccc(*)n1
sample_1022,*C(=O)C1=CCC2c3c(c4ccccc4n31)CCN2*
sample_1023,*N1C(*)CSC1*
sample_1024,*n1nc(*)c2c1OC(N)=C(C#N)C2c1ccc(O)cc1
sample_1025,*C[S+]([O-])c1nc2cc(*)ccc2[nH]1
sample_1026,*C1C(=O)C=C(C)C(*)C1C
sample_1027,*C(=O)CC(*)=O
sample_1028,*C(=O)C(C*)(C*)CCC
sample_1029,*Nc1ccc(N=Nc2ccc(N=Nc3ccc(N*)cc3)cc2)cc1
sample_1030,*N1CCc2cc3c(cc21)CCN3*
sample_1031,*Oc1cccc(*)c1
sample_1032,*C(=O)Nn1c(*)nnc1S
sample_1033,*NC(=O)N*
sample_1034,*OC1CC2C(=C)C(=O)C3(C4CC5C(C)(C)CCC(O*)C5(C(O*)O4)C13)C2O*
sample_1035,*SC(S*)C(O)C(O)C(O)C(O)CO
sample_1036,*C(=O)C(=NNc1cc(*)n[nH]1)C(=O)C(F)(F)F
sample_1037,*Nc1ccc2nc(S*)sc2c1
sample_1038,*c1ccc(*)cc1
sample_1039,*CN=C(C)c1c(O)c2ccccc2n(*)c1=O
sample_1040,*OC(*)C
sample_1041,*n1nc(*)c2c1OC(N)=C(C#N)C2c1ccc(Cl)cc1
sample_1042,*c1c(C)c(C)c(*)c2c1CC2=O
sample_1043,*OC1C(O)CNC1C*
sample_1044,*[N+](*)(C)C
sample_1045,*n1nc(*)oc1=S
sample_1046,*Nc1nc2cc(*)ccc2[nH]1
sample_1047,*c1cc(=S)cc(*)o1
sample_1048,*c1nc2cc(*)ccc2s1
sample_1049,*N1N=C(C(F)(F)F)C(=NNc2ccccc2*)C1=O
sample_1050,*Cc1ccc(*)cc1*
sample_1051,*O[S+2]([O-])([O-])c1ccccc1C*
sample_1052,*Nc1cccc(N=Nc2cccc(N*)c2)c1
sample_1053,*C(=O)C(=NNc1c(C)n(C)n(*)c1=O)[S+2]([O-])([O-])c1ccccc1
sample_1054,*CCCC(*)*
sample_1055,*Cc1cc(C*)c([N+](=O)[O-])cc1[N+](=O)[O-]
sample_1056,*n1c(=O)c(NN=C2C(=O)N(*)N=C2C(F)(F)F)c(C)n1C
sample_1057,*OC1CC2C(=C)C(=O)C3(C(O*)CC4C5(C)CCCC4(C(=O)OC5)C13)C2O*
sample_1058,*C1CCC2C3CCC(=O)C3(C)CCC2C1(*)C
sample_1059,*C(=O)C1=C(C)NC(C)=C(C(*)=O)C1*
sample_1060,*CC(=O)C(=O)C*
sample_1061,*C(=O)C(C)C(*)(*)O
sample_1062,*NC=C1C(=O)c2cc(C)ccc2OC1*
sample_1063,*c1oc2c(Br)cc(Br)cc2c1*
sample_1064,*c1cc2cc(*)ccc2[nH]1
sample_1065,*c1ccc(*)c(C)c1*
sample_1066,*C(=O)C(*)=O
sample_1067,*C(=O)C(*)N(Nc1ccccc1N=Nc1ccccc1)c1ccccc1
sample_1068,*OC1C=CC=CC(O*)C1
sample_1069,*C1N=c2cc(*)ccc2=C1c1ccccc1
sample_1070,*c1nc(N)c2cc(*)c(*)cc2n1
sample_1071,*c1cc(*)n2nc(N)c(N=Nc3ccc(*)cc3)c2n1
sample_1072,*OC1CCC2(C)C(CC(=O)C3C4CCC(*)C4(C)CCC32)C1
sample_1073,*C(*)c1cc2c(cc1[N+](=O)[O-])OCCO2
sample_1074,*Nc1cc([N+](=O)[O-])c(C*)c([N+](=O)[O-])c1C*
sample_1075,*Oc1ccc(O*)cc1
sample_1076,*ON=C(C*)c1ccccc1
sample_1077,*Nc1cc(N=Cc2ccccc2)c(C*)cc1C*
sample_1078,*c1c(*)c(Br)c(Br)c(C)c1Br
sample_1079,*OC1CC2C(=C)C(=O)C3(C(O*)CC4C(C)(C)CCC(O*)C4(C)C13)C2O*
sample_1080,*C1C(=O)N(*)N=C1c1ccc([N+](=O)[O-])cc1
sample_1081,*[NH2+]C1CCCC(C)N(*)C1=O
sample_1082,*c1cc(*)c([N+](=O)[O-])cc1[N+](=O)[O-]
sample_1083,*CC1(*)OCC(*)O1
sample_1084,*Cc1cccc(C*)c1
sample_1085,*C1CCC2(C)C(CC(=O)C3C2CC(*)C2(C)C(*)CCC32)C1
sample_1086,*NC(*)C(*)O
sample_1087,*NC(=S)N*
sample_1088,*C(*)[N+](=O)[O-]
sample_1089,*C1(*)OCCO1
sample_1090,*c1oc2ccc(Cl)cc2c1*
sample_1091,*C(=O)C1=CCC(C(*)=O)=CC1
sample_1092,*c1ccc(*)c2c(=O)c(=O)c12
sample_1093,*C(=O)C1=C(C(*)=O)CC2=C(CC3=C(C2)CC(C(*)=O)=C(C(*)=O)C3)C1
sample_1094,*C(=O)C(CC*)[S+2]([O-])([O-])c1ccccc1
sample_1095,*c1ccc(C=Nc2ccc(*)cc2)cc1
sample_1096,*C(CC)C(*)CC
sample_1097,*OC=Nc1c(C#N)cnn1*
sample_1098,*N(*)CC
sample_1099,*C(=O)C(C(C)=O)C(C)C(C(C)=O)C(=NNC(N)=O)O*
sample_1100,*Nc1cccc2c1c([S+2]([O-])([O-])O)cc1oc(*)nc12
sample_1101,*OC1COC([S+2]([O-])([O-])c2ccccc2)C(O*)C1O*
sample_1102,*Oc1ccc(N*)cc1
sample_1103,*C1(*)CCC2(C)C(CCC3C4CCCC4(C)CCC32)C1
sample_1104,*n1nc(*)n(C(N)=O)c1=O
sample_1105,*c1nc(=S)n2nc(*)sc2n1
sample_1106,*O[S+2]([O-])([O-])c1cc([N+](=O)[O-])ccc1C*
sample_1107,*OC1CC2C(C)C(=O)C3(C4CC5C(C)(C)CCC(O*)C5(C(O*)O4)C13)C2O*
sample_1108,*O[S+2]([O-])([O-])c1cccc(*)c1
sample_1109,*c1ccc2c3ccccc3c3ccccc3c2c1*
sample_1110,*C1C=CC=CC=CC=CCC(C)OC(=O)C=CC2OC2CC(O)CC2(O)CC(O)C(*)C(C1)O2
sample_1111,*n1n2c3cc(*)c([N+](=O)[O-])cc3n12
sample_1112,*c1nc(C)c(*)c(O)n1
sample_1113,*OC(*)CN=Cc1cccc(C=NCC(*)*)c1
sample_1114,*Nc1cc([N+](=O)[O-])ccc1*
sample_1115,*Oc1nn(*)c2ccccc12
sample_1116,*c1nnc(*)c2c(C)onc12
sample_1117,*N1CC(O)CC1*
sample_1118,*C(*)[S+]([O-])CC(N)=O
sample_1119,*C1OC(=O)CC1*
sample_1120,*N(C)C(=S)c1cccc2c(*)c(*)ccc12
sample_1121,*CC(*)O
sample_1122,*C(Br)C(=O)C(=O)C(*)Br
sample_1123,*C(=O)C(C*)(C*)CC(C)C
sample_1124,*Oc1ccc(N=Nc2ccc(*)cc2)cc1
sample_1125,*[NH2+]C(*)C(=O)[O-]
sample_1126,*N(*)c1ccc(*)c(*)c1
sample_1127,*C(=O)CCC(*)C(=O)[O-]
sample_1128,*Oc1ccccc1*
sample_1129,*OC1CC2C(C)C(=O)C3(C(O*)CC4C5(C)CCCC4(C(O*)OC5)C13)C2O*
sample_1130,*O[P+](C)([O-])CCCC*
sample_1131,*C(=O)N=c1sc(*)nn1*
sample_1132,*CC(O)C*
sample_1133,*C(*)(O)CC(=O)O
sample_1134,*Cc1cc(*)c(O)c(C)c1*
sample_1135,*C(=O)C1=C(N)Oc2cc(C)n(*)c(=O)c2C1c1cccc([N+](=O)[O-])c1
sample_1136,*n1nc(*)n(N=Cc2cccs2)c1=S
sample_1137,*C(=O)CS*
sample_1138,*c1cc(C)c(*)c(C)c1
sample_1139,*OCC(C)N*
sample_1140,*Nc1ccc(*)c2sc3ccccc3c(=O)c12
sample_1141,*c1ccc2cc3ccc(*)nc3cc2n1
sample_1142,*Cc1ccc(N)cc1*
sample_1143,*C(=O)C(C)N*
sample_1144,*OC1C(*)OCC1(O*)C1C=Nc2c1ncn(*)c2=O
sample_1145,*OC1CCC2C3CCC4CC(*)CCC4(C)C3CCC12C
sample_1146,*OC1OC(*)C(O)C(O)C1O*
sample_1147,*OC1C(O)CNC1*
sample_1148,*Cc1nnc2sc(C*)nn12
sample_1149,*OC1(*)CCC2C3C=C(Cl)C4=CC(=O)C=CC4(C)C3CCC21C
sample_1150,*C(*)(C)C(=O)O
sample_1151,*c1ccc(Br)c(*)c1
sample_1152,*CC1COC(*)(C*)O1
sample_1153,*n1c(=O)c(C(C)=Nc2cccc(*)c2)c(O)c2ccccc21
sample_1154,*Nc1ccccc1C*
sample_1155,*Oc1ccc2c(c1)c(O*)c(*)n2O*
sample_1156,*N(*)C(=S)S*
sample_1157,*c1cc(*)c(O)c(N)c1
sample_1158,*Cc1cc(N)cc(C*)c1
sample_1159,*OC1C(*)OC(*)C(O)C1O
sample_1160,*c1cc2c(cc1*)C(C(=O)O)C2
sample_1161,*C1N(C)c2ccc(*)cc2C1(C)C
sample_1162,*C(=O)C(C*)C(*)=O
sample_1163,*OC1OC(=O)c2c(*)cccc21
sample_1164,*NC(=S)C(*)=O
sample_1165,*c1cc(*)c(*)c(*)c1
sample_1166,*N(*)C
sample_1167,*OCC(C[S+2]([O-])([O-])c1ccccc1)O*
sample_1168,*OC1CC2C(=C)C(=O)C3(C(O*)CC4C(C)(C)CCC(O*)C4(C=O)C13)C2O*
sample_1169,*C(=O)C1=C(N)OC2c3ccccc3OC2C1*
sample_1170,*C(=O)C(*)O
sample_1171,*Oc1nn(C*)c2ccccc12
sample_1172,*OC(CN=Cc1ccc(C=NCC(*)*)cc1[N+](=O)[O-])O*
sample_1173,*C(=O)C(*)(C)C
sample_1174,*CC1=[N+](C*)c2ccccc2C1(C)C
sample_1175,*Oc1cc(O*)c([N+](=O)[O-])cc1[N+](=O)[O-]
sample_1176,*C1(*)Cc2cc(*)ccc2C1=O
sample_1177,*C1Nn2c(*)nnc2S1
sample_1178,*Cc1cc(*)cc(C*)c1
sample_1179,*Cc1c(*)ncc2[nH]c3ccc(*)cc3c12
sample_1180,*c1cc(*)c2c(c1Cl)OC1(C2=O)C(OC)=CC(=O)CC1C
sample_1181,*OCCCC*
sample_1182,*C(=O)C(C)(C)O*
sample_1183,*c1ccc(*)c2c1CC2=O
sample_1184,*CC(O)C(*)*
sample_1185,*C(=O)C(C)(C)C(*)CC(=O)O
sample_1186,*Nc1nc(N)nnc1*
sample_1187,*c1cc(*)c(Cl)cc1Cl
sample_1188,*c1ccc2nccc(*)c2c1
sample_1189,*c1ccc2[nH]c(C)c(*)c2c1
sample_1190,*C1CC(*)C(*)C(*)C1
sample_1191,*C1C(=C(S*)S*)CCCC1=C(S*)S*
sample_1192,*N1CC(*)(*)CC1*
sample_1193,*CC(=NNc1cccc(NN=C(C*)c2ccccc2)c1)c1ccccc1
sample_1194,*C(=O)n1nc(C)cc1*
sample_1195,*c1ccc2cc3ccc(*)cc3nc2c1
sample_1196,*c1c(*)c(C)c(C)c(C)c1C
sample_1197,*CCC*
sample_1198,*c1ccc(*)c(*)c1
sample_1199,*c1cc(*)c([N+](=O)[O-])cc1*
sample_1200,*c1ccc2ccc(=O)oc2c1*
sample_1201,*C(=O)C1=C(C)NC(=S)NC1*
sample_1202,*c1cc2ccccc2c(O)c1*
sample_1203,*OC1OC(*)C(*)C(O*)C1O*
sample_1204,*c1c2c(c(*)c3c1CCCN3)NCCC2
sample_1205,*c1cc(*)c(C#N)c(=O)n1N
sample_1206,*C(*)Br
sample_1207,*Nc1ccc(C*)cc1
sample_1208,*C1(*)CCN(C)CC1
sample_1209,*Cn1nc(*)c2ccccc2c1=O
sample_1210,*C(=O)CCCN*
sample_1211,*C(*)c1ccc(C)o1
sample_1212,*n1ncc(N=[N+]([O-])c2cnn(*)c2C#N)c1C#N
sample_1213,*c1cc(*)c(C)o1
sample_1214,*C(=O)CCC(N*)C(=O)[O-]
sample_1215,*Cc1cc(C*)c(N)cc1N
sample_1216,*CC(*)C#N
sample_1217,*C1(C)Nn2c(*)nnc2S1
sample_1218,*c1cc2c(cc1*)C13CCN4CC5=CCOC6CC(=O)N2C1C6C5CC43
sample_1219,*C(*)c1ccccc1C#N
sample_1220,*NC1CC(N)C(*)C(O)C1*
sample_1221,*Oc1ccc(*)cc1
sample_1222,*c1ccc(C(=S)N2CCCCC2)cc1*
sample_1223,*C(*)(*)O
sample_1224,*Nc1cccc(N*)c1
sample_1225,*C1(*)NC(=O)N(C)C1=O
sample_1226,*OCCC*
sample_1227,*Oc1c(*)cc2c(c1O)C(CC(C)C)N(C)CC2
sample_1228,*OC(*)O*
sample_1229,*OC1CCC2C3C(=O)CC4CC(*)CCC4(C)C3CCC12C
sample_1230,*n1c(=O)c2c3c(c(*)cc2n1C)CCOc1ccccc1-3
sample_1231,*N1N=C(C(F)(F)F)C(*)C1=O
sample_1232,*N1CC(*)CC1*
sample_1233,*NC(C*)C(=O)[O-]
sample_1234,*C1C2CC3C1(*)C3(C)C2(C)C
sample_1235,*C(*)C1C(=O)C2(C)CCC(C1O)C2(C)C
sample_1236,*C(=O)n1c(*)c(*)c2ccc([N+](=O)[O-])cc21
sample_1237,*NCCCC*
sample_1238,*CCCC*
sample_1239,*NC(CO)C(*)O
sample_1240,*OC1C2C=COC(*)C2C2(*)OC12
sample_1241,*C1(O)CCC2(CC1)Cc1cc(*)ccc1C2O
sample_1242,*Nc1cc(N=Nc2ccccc2)c(C)c(N*)c1
sample_1243,*C(=O)CCCO*
sample_1244,*CC1=CCC2CCC13CC1CCC(*)C1(C)CCC23
sample_1245,*C1Nc2cc(*)c(S(N)(=O)=O)cc2S(=O)(=O)N1
sample_1246,*Nc1cc(*)c(C)cc1C
sample_1247,*C(C*)C(=O)[O-]
sample_1248,*C(*)CN(CC(*)*)N=O
sample_1249,*C(=O)C(C*)(C*)CC=C
sample_1250,*OCC(O*)C(O*)C(O*)C(*)O*
sample_1251,*C1Nc2ccccc2NC1*
sample_1252,*Cc1nnc2n1NC(*)S2
sample_1253,*C1OC2OC(*)C(O)C2O1
sample_1254,*OC1(*)C(=C)CC2C3C=C(C)C4=CC(=O)CCC4(C)C3CCC21C
sample_1255,*NC=C1C(=O)NN(*)C1=O
sample_1256,*Oc1c(O)c(*)cc2c1C(CC(C)C)N(C)CC2
sample_1257,*OC(*)CCC(*)=O
sample_1258,*Nc1cc(*)nc(C)n1
sample_1259,*C(=O)CP(=O)([O-])CCCC*
sample_1260,*CC(=O)CC*
sample_1261,*NC(=O)C(*)CC
sample_1262,*CC1(*)CCN(*)CC1
sample_1263,*C1CCC2(C)C(=CCC3C2CCC2(C)C(*)CCC32)C1
sample_1264,*C(=O)CCC(*)C
sample_1265,*C(=O)CC(*)(C#N)C(C)=O
sample_1266,*OC(=O)C(*)C*
sample_1267,*NC(C)C*
sample_1268,*OC(*)CN=Cc1ccc(C=NCC(*)O*)c([N+](=O)[O-])c1
sample_1269,*Nc1cc(*)ccc1*
sample_1270,*n1nccc1*
sample_1271,*C1C2CCC(O2)C1*
sample_1272,*C1(*)C=CC=CC1
sample_1273,*C(=O)C1=NN(*)C(=O)C1*
sample_1274,*N1CCCCC1C(*)*
sample_1275,*C(=O)C1=C(C(*)=O)Cc2cc3c(cc2C1)CC3
sample_1276,*N(*)C(=S)SSC(=S)N(*)*
sample_1277,*CCC(*)=O
sample_1278,*NCCC*
sample_1279,*C1(C)CCC(*)(O)C1(C)C
sample_1280,*OC1CC2C(C)C(=O)C3(C(*)CC4C5(C)CCCC4(COC5=O)C13)C2O
sample_1281,*Oc1ccc(C*)cc1
sample_1282,*Cc1c(O)c(Br)c(*)c(Br)c1O
sample_1283,*NC(=NCC=C)c1cc(*)c(O)c(*)c1
sample_1284,*C(=O)S*
sample_1285,*OC1(*)C(C)CC2C3CCC4=CC(=O)C=CC4(C)C3(F)C(O)CC21C
sample_1286,*n1c(=O)c2cc3c(*)c4cc5c(=O)n(*)c(=O)c5cc4c(*)c3cc2c1=O
sample_1287,*C1(*)C(=O)NC(=S)NC1=O
sample_1288,*[N+]1(*)c2cc(N=Cc3ccccc3)c(C*)cc2CC1*
sample_1289,*Oc1cc2c(cc1*)CC[N+](C)C2C
sample_1290,*C(*)N
sample_1291,*[NH2+]C(CC*)C(=O)[O-]
sample_1292,*ON=C(C*)C(C)(C)C
sample_1293,*C(=O)C1=NN(*)C(=O)C1C*
sample_1294,*C(=O)n1c(C)c(*)c2cc(*)ccc21
sample_1295,*C(C(=O)[O-])C(C*)N*
sample_1296,*n1nc(*)c2c1OC(N)=C(C#N)C2c1ccc(C)cc1
sample_1297,*c1cc2c(cc1*)C(C)NCC2
sample_1298,*OCN(*)*
sample_1299,*c1ccc(N=C(C#N)c2cccc(C(C#N)=Nc3ccc(*)cc3)c2)cc1
sample_1300,*C(=O)C(C#N)=NNc1cccc(*)c1
sample_1301,*N1N=C(C)C(=NNc2ccc(*)cc2)C1=O
sample_1302,*C1OC(*)C(O)C1O
sample_1303,*c1ccc(*)nn1
sample_1304,*c1nc2c(cc1*)c(=O)oc1ccccc12
sample_1305,*C1OC(C)(C)OC1*
sample_1306,*C1C(*)C2CC1C(C)(C)C2=C
sample_1307,*c1ccc(C=O)c(*)c1*
sample_1308,*NCC(*)O
sample_1309,*C(=O)C1=C(C)N(C)C(=S)NC1*
sample_1310,*C1(*)NC(=O)NC1=O
sample_1311,*c1n[nH]c(N)c1*
sample_1312,*N(*)C(C)C
sample_1313,*N1NC(=O)C(*)C1=O
sample_1314,*OC1C(*)OC(*)C1O*
sample_1315,*OC1C(*)OC(*)C(*)C1O*
sample_1316,*C1(C#N)CC1(*)C#N
sample_1317,*C(=O)CN*
sample_1318,*C(=O)C1=C(C)C(*)N=C1C
sample_1319,*C1(C)CC(*)OC(C)C1O
sample_1320,*Nc1ccc([N+](=O)[O-])cc1N*
sample_1321,*OC1C(*)OC(*)C(O*)C1O*
sample_1322,*CCCCC*
sample_1323,*Cc1nc2cc(*)ccc2s1
sample_1324,*C(=O)CC*
sample_1325,*N1CC(S*)CC1*
sample_1326,*c1nc2nc(C)cc(*)n2n1
sample_1327,*OC(*)C(=O)C(C)(C)C
sample_1328,*C1OC(*)C(O)C(N)C1O
sample_1329,*c1c(C)c(*)c(C)c(C)c1C
sample_1330,*c1nn(C(N)=O)c(N)c1*
sample_1331,*Nc1ccc2c(c1)c(*)cn2C
sample_1332,*c1cc(C(N)=NC)cc(*)c1O
sample_1333,*C(=O)C(=O)C*
sample_1334,*c1cc([P+]([O-])(c2ccccc2)c2ccccc2)cc(*)[o+]1
sample_1335,*Cc1ccc(C*)o1
sample_1336,*c1cc(*)c2ccccc2n1
sample_1337,*C1(*)Cc2ccccc2C(=O)O1
sample_1338,*c1cc2c(*)cncc2cc1O
sample_1339,*c1nn(C(N)=S)c(N)c1*
sample_1340,*Oc1ccc(C(=S)N2CCCCC2)cc1O*
sample_1341,*Nc1nc(Cl)nc(N*)n1
sample_1342,*C(*)(O)C(C)C(=O)O
sample_1343,*Cn1nc(*)c2ccccc21
sample_1344,*Oc1ccc2cc3ccc(O*)cc3nc2c1
sample_1345,*NC(*)C
sample_1346,*OC1CCC2(C)C(CC(=O)C3C2CCC2(C)C(O*)CCC32)C1
sample_1347,*NC1C2CCC(C)(C1N*)C2(C)C
sample_1348,*C1(*)Cc2cc(C)ccc2C(=O)O1
sample_1349,*NC(=S)c1ccc(*)cc1
sample_1350,*Oc1ccc(*)cc1Cl
sample_1351,*CC1=[N+](C)c2ccc(*)cc2C1(C)C
sample_1352,*Cc1cc(*)c([N+](=O)[O-])cc1[N+](=O)[O-]
sample_1353,*Cc1cncc2cc(*)c(O)cc12
sample_1354,*NC(=S)C(=S)N*
sample_1355,*C1C=CC(C(*)(*)O)=C1
sample_1356,*CC1COC(*)(*)O1
sample_1357,*CC(C)N(*)*
sample_1358,*NCCCC([NH2+]*)C(=O)[O-]
sample_1359,*NC(=Nc1ccc(*)cc1N*)N*
sample_1360,*c1c(C)c(C)c(*)c(Br)c1C
sample_1361,*OC1COC(C#N)C(O*)C1O*
sample_1362,*c1ccc(*)c(O)c1
sample_1363,*n1nc(*)sc1=NNc1ccccc1
sample_1364,*c1ccc2c(c1*)C(=O)OC2
sample_1365,*Oc1cc(*)c([N+](=O)[O-])cc1[N+](=O)[O-]
sample_1366,*Nc1nc2ccccc2n1*
sample_1367,*OC1C(N*)CC(N)C(*)C1O
sample_1368,*CC(*)Br
sample_1369,*Nc1nc2c(cc1*)c(=O)oc1ccccc12
sample_1370,*OC1CCC2(C)C(CCC3C4CCC(*)C4(C)CCC32)C1
sample_1371,*c1cccc(*)c1
sample_1372,*N1c2cc(*)cc([N+](=O)[O-])c2CCC1C
sample_1373,*c1ccc2c(*)c(=O)ncn2n1
sample_1374,*Oc1c(*)cc(*)c(O)c1C
sample_1375,*n1nc(*)c(*)c1C
sample_1376,*c1cccc2cccc(*)c12
sample_1377,*C(=O)C(*)CO
sample_1378,*n1nc(*)c2c1OC(N)=C(C#N)C2c1ccccc1Cl
sample_1379,*n1nc(*)c(C)c(*)c1=N
sample_1380,*c1cc(*)c(N=C=S)cc1*
sample_1381,*CCCC(*)C(=O)O
sample_1382,*OC(*)CN=Cc1ccc(C=NCC(*)*)c([N+](=O)[O-])c1
sample_1383,*CCN=C(C)c1c(O)c2ccccc2n(*)c1=O
sample_1384,*OC1CCC2(C)C(CCC3C2CCC2(C)C3CCC2(*)C)C1
sample_1385,*C1(*)C(=O)NC(=O)N(C)C1=O
sample_1386,*C(=O)CCC(*)CCC(*)=O
sample_1387,*OP(=O)([O-])CCCC*
sample_1388,*C1CCC2C3CCC4CC(*)(O)CCC4(C)C3CCC12C
sample_1389,*C1(C)CCCC2(*)C1CC(O)C13C(=O)C(C)C(CC(O)C21)C3O
sample_1390,*n1nc(*)c(C#N)c1N
sample_1391,*c1cnc(*)cn1
sample_1392,*NC(=S)N1CC(*)CC1*
sample_1393,*c1c(*)c(*)c(*)c(*)c1*
sample_1394,*C1Cc2cc3c(cc2NC1=O)NC(=O)C(*)C3
sample_1395,*SC1(C#N)CC1(C#N)S*
sample_1396,*Oc1cc2c(cc1*)CC[N+](C)(C)C2CC(C)C
sample_1397,*C(*)c1ccc(C)s1
sample_1398,*n1nc(*)sc1=NN=Cc1ccco1
sample_1399,*CC(*)(C#N)C*
sample_1400,*N(*)CCC
sample_1401,*N1C(=O)C(N=Nc2ccccc2*)SC1=S
sample_1402,*c1c(F)cc2c(=O)c(*)cn3c2c1OCC3C
sample_1403,*c1cc(C)nc2c(N=Nc3cccc(*)c3)c(N)nn12
sample_1404,*OC1OC(C)CC(*)C1O
sample_1405,*c1c(C)c(*)c2c(c1C)CC2
sample_1406,*C(*)C1C(=O)C2(C)CCC1C2(C)C
sample_1407,*NC(CF)C(*)O
sample_1408,*C(=O)C(*)*
sample_1409,*C1SC(=S)N(*)C1=O
sample_1410,*Oc1cc2c(cc1*)CCN(C)C2C
sample_1411,*n1oc(=O)c(*)c1Br
sample_1412,*C(*)CN=Cc1ccc(C=NCC(*)*)c([N+](=O)[O-])c1
sample_1413,*C(=O)C#Cc1cccc(C#CC(*)=O)c1
sample_1414,*C(=O)CCC(*)C*
sample_1415,*OC1CC(*)(C)C(O)C(C)O1
sample_1416,*N1CCC(*)(O)CC1
sample_1417,*c1cc(*)c(*)cc1*
sample_1418,*Nc1nnc(*)s1
sample_1419,*c1cc(*)c(C)c(*)c1
sample_1420,*C1C(=O)N(*)N=C1C
sample_1421,*Oc1ccc(*)cc1*
sample_1422,*Oc1c(*)[nH]c2cc3c(cc12)C(=O)C(c1ccccc1)=[N+]3[O-]
sample_1423,*OC1CC2C(C)C(=O)C3(C(O)CC4C(C)(C)CCCC4(*)C13)C2O
sample_1424,*Nc1ccnn1*
