,SMILES,logS
sample_1,CC(N)=O,1.58
sample_2,CNN,1.34
sample_3,CC(=O)O,1.22
sample_4,C1CCNC1,1.15
sample_5,NC(=O)NO,1.12
sample_6,OCC(O)CO,1.12
sample_7,CC(=O)N(C)C,1.11
sample_8,c1ccnnc1,1.1
sample_9,c1cncnc1,1.1
sample_10,OCC(O)C(O)C(O)C(O)CO,1.09
sample_11,CC(N)CC(=O)O,1.08
sample_12,C1CNCCN1,1.07
sample_13,C1CCNCC1,1.07
sample_14,Oc1ccncc1,1.02
sample_15,Oc1ccccn1,1.02
sample_16,O=C(O)CCCC(=O)O,1
sample_17,CN1CCOCC1,1
sample_18,COC(N)=O,0.97
sample_19,Cn1ccccc1=O,0.96
sample_20,O=C(O)CCl,0.93
sample_21,CCOC(N)=O,0.85
sample_22,COC(=O)C1=CCCN(C)C1,0.81
sample_23,Oc1cccc(O)c1,0.81
sample_24,c1ccncc1,0.76
sample_25,CC1CNCCN1,0.74
sample_26,OCC1(O)OCC(O)C(O)C1O,0.64
sample_27,Oc1ccccc1O,0.62
sample_28,NC(=O)c1cccnc1,0.61
sample_29,O=c1ccnc[nH]1,0.59
sample_30,CCC=O,0.58
sample_31,COC=O,0.58
sample_32,C=CC=O,0.57
sample_33,C1CCOC1,0.56
sample_34,CCC(C)=O,0.52
sample_35,CC1CNC(C)CN1,0.49
sample_36,COCOC,0.48
sample_37,Cc1cccc(C)n1,0.45
sample_38,Cc1ccc(C)nc1,0.4
sample_39,OC1COC(O)C(O)C1O,0.39
sample_40,Cc1ccnc(C)c1,0.38
sample_41,Cc1cccnc1C,0.38
sample_42,O=c1cccc2n1CC1CNCC2C1,0.36
sample_43,OC1C(O)C(O)C(O)C(O)C1O,0.35
sample_44,CC=CC=O,0.32
sample_45,CCC(N)C(=O)O,0.31
sample_46,O=C1CCC(=O)N1,0.3
sample_47,CC(C)C(=O)O,0.28
sample_48,CN1CCCCC1,0.23
sample_49,CC(=O)CC(C)=O,0.22
sample_50,CCOC=O,0.15
sample_51,C=CC#N,0.15
sample_52,CC1CCCO1,0.11
sample_53,CC(C)(C)OC(N)=O,0.1
sample_54,CCC(C)(C)O,0.08
sample_55,NNc1ccccc1,0.07
sample_56,CC(C)CO,0.04
sample_57,CCS(=O)(=O)CC,0.04
sample_58,c1cnc2ncncc2n1,0.02
sample_59,NNC(=O)c1ccncc1,0.01
sample_60,Oc1ccccc1,0
sample_61,CCCC=O,-0.01
sample_62,CN1C2CCC1C(C(=O)O)C(O)C2,-0.02
sample_63,C1CCOCC1,-0.03
sample_64,CCC1NC(=O)NC1=O,-0.06
sample_65,Cc1cc(O)no1,-0.07
sample_66,CC(O)C(N)C(=O)O,-0.09
sample_67,CCOCC,-0.09
sample_68,O=Cc1ccco1,-0.1
sample_69,Cc1ncc2nccnc2n1,-0.12
sample_70,CC(C)(S)C(N)C(=O)O,-0.13
sample_71,CCN(CC)CC,-0.14
sample_72,c1cc[nH]c1,-0.17
sample_73,OC1CC(O)C(O)C(O)C1O,-0.17
sample_74,Cn1c(=O)c2c(ncn2CC(O)CO)n(C)c1=O,-0.17
sample_75,O=NN1CCCCC1,-0.17
sample_76,CCCC(C)=O,-0.19
sample_77,CCCC(=O)O,-0.19
sample_78,CN(C)NC(=O)CCC(=O)O,-0.2
sample_79,O=C(O)CCC(=O)O,-0.2
sample_80,CC(C)C(C)O,-0.2
sample_81,C=CC(=O)OC,-0.22
sample_82,CCC(O)CC,-0.24
sample_83,O=C(O)C1C2CCC(O2)C1C(=O)O,-0.27
sample_84,CCCC(C)O,-0.29
sample_85,CC(C)(C(=O)O)C(C)(CC(=O)O)C(=O)O,-0.29
sample_86,N#CCCCl,-0.29
sample_87,OCc1ccccc1O,-0.29
sample_88,CC(C)COC(N)=O,-0.3
sample_89,N#CN=C(N)N,-0.31
sample_90,CCC(C)(O)CC,-0.38
sample_91,Nc1ccc(N)cc1,-0.38
sample_92,CCCOC,-0.39
sample_93,CC(C)C(C)CO,-0.39
sample_94,OCc1ccccc1,-0.4
sample_95,CSCCC(N)C(=O)O,-0.42
sample_96,Nc1ccccc1N,-0.42
sample_97,CNC(C)C(O)c1ccccc1,-0.42
sample_98,OC1CCCCC1,-0.44
sample_99,CC(=O)CC1CCCCN1,-0.45
sample_100,Oc1cccnc1,-0.46
sample_101,COC(=O)c1cccnc1,-0.46
sample_102,Cc1ncnc2nccnc12,-0.47
sample_103,NCC(O)c1ccccc1,-0.48
sample_104,CN1C2CC(OC(=O)C(CO)c3ccccc3)CC1C1OC12,-0.48
sample_105,CCCOC=O,-0.49
sample_106,NCCC(O)C(=O)NC1CC(N)C(OC2OC(CN)C(O)C(O)C2O)C(O)C1OC1OC(CO)C(O)C(N)C1O,-0.5
sample_107,CC(C)(C)CCO,-0.5
sample_108,NC(Cc1c[nH]cn1)C(=O)O,-0.53
sample_109,CCCC(O)C(CC)CO,-0.54
sample_110,NC(=O)CCC(N)C(=O)O,-0.55
sample_111,CC1CO1,-0.59
sample_112,O=C1CCCCC1,-0.6
sample_113,CC(=O)OCC(COC(C)=O)OC(C)=O,-0.6
sample_114,CC(O)C(C)(C)C,-0.62
sample_115,Cc1c(N(C)C)c(=O)n(-c2ccccc2)n1C,-0.63
sample_116,ClCCl,-0.63
sample_117,CCCCOC(N)=O,-0.66
sample_118,CCCOCC,-0.66
sample_119,CCOC(=O)CC,-0.66
sample_120,Cc1cccc(O)c1,-0.68
sample_121,O=CNc1ccccc1,-0.68
sample_122,Oc1ccc(Cl)cc1,-0.7
sample_123,Oc1cccc(Cl)c1,-0.7
sample_124,Cc1ccc(O)cc1,-0.7
sample_125,CCC(O)C(C)C,-0.7
sample_126,OCCOc1ccccc1,-0.71
sample_127,CCC(C)C(C)O,-0.72
sample_128,CCCOC(C)=O,-0.72
sample_129,CC(C)(C)C(C)(C)O,-0.72
sample_130,Nc1ccccc1O,-0.72
sample_131,OCCN(CCO)c1ccccc1,-0.73
sample_132,C=CC(=O)OCC,-0.74
sample_133,O=[N+]([O-])c1ccc(O)cc1,-0.74
sample_134,ONc1ccccc1,-0.74
sample_135,NC(=O)CC(N)C(=O)O,-0.74
sample_136,N#CC(OC1OC(COC2OC(CO)C(O)C(O)C2O)C(O)C(O)C1O)c1ccccc1,-0.77
sample_137,CCOCCOCC,-0.77
sample_138,c1ccc2[nH]nnc2c1,-0.78
sample_139,Nc1ccc(O)cc1,-0.8
sample_140,Cn1ccc(=O)[nH]c1=O,-0.8
sample_141,CCCC(O)CC,-0.8
sample_142,C=C(C)C(=O)OC,-0.8
sample_143,CC(C)(C)COC(N)=O,-0.8
sample_144,CCOC(=O)CC(=O)OCC,-0.82
sample_145,c1ccoc1,-0.82
sample_146,CCCC(=O)OC,-0.82
sample_147,C=CCSS(=O)CC=C,-0.83
sample_148,C=CC(=O)CCC,-0.83
sample_149,O=C(O)c1cccnc1,-0.84
sample_150,CCCCC=O,-0.85
sample_151,CN(N=O)C(N)=O,-0.85
sample_152,C=COCC,-0.85
sample_153,Cc1cccc(N)c1,-0.85
sample_154,CCC(O)(CC)CC,-0.85
sample_155,OCc1ccccc1OC1OC(CO)C(O)C(O)C1O,-0.85
sample_156,O=Cc1ccccc1O,-0.86
sample_157,Clc1cnc2cncnc2n1,-0.87
sample_158,CC1CCC(O)CC1,-0.88
sample_159,CCCC(C(C)=O)C(C)=O,-0.88
sample_160,ClCBr,-0.89
sample_161,O=C(O)Cc1ccccc1,-0.89
sample_162,CC(=O)NC(N)=O,-0.9
sample_163,COc1cnc2cncnc2n1,-0.91
sample_164,CC(O)c1ccccc1,-0.92
sample_165,CC(C)CC(C)(C)O,-0.92
sample_166,CCOC(=O)CCC(=O)OCC,-0.96
sample_167,CC=CCC#N,-0.96
sample_168,NC(=O)c1ccccc1,-0.96
sample_169,O=Cc1ccc(O)cc1,-0.96
sample_170,Cn1c(=O)c2c(ncn2C)n(C)c1=O,-0.97
sample_171,CC(=O)Nc1ccc(N)cc1,-0.98
sample_172,O=C1C=CC(=O)C=C1,-0.99
sample_173,CCCCOC,-0.99
sample_174,CI,-1
sample_175,CCCC(C)(O)CC,-1
sample_176,CC(C)COC=O,-1.01
sample_177,CC(=O)Nc1ccc(O)cc1,-1.03
sample_178,c1ccc2c(c1)CCN2,-1.04
sample_179,O=c1[nH]cc(F)c(=O)[nH]1,-1.07
sample_180,CCCCC(C)(C)O,-1.08
sample_181,Oc1ccc(Br)cc1,-1.09
sample_182,CCBr,-1.09
sample_183,CC(C)OC(C)C,-1.1
sample_184,O=C(O)COc1ccccc1,-1.1
sample_185,COc1ncc2nccnc2n1,-1.11
sample_186,COc1ncnc2nccnc12,-1.11
sample_187,NCCc1ccc(O)cc1,-1.12
sample_188,CC1CC(C)C(=O)C(C(O)CC2CC(=O)NC(=O)C2)C1,-1.13
sample_189,CC(C)CCCO,-1.14
sample_190,Nc1cc[nH]c(=O)n1,-1.14
sample_191,c1ccc2ocnc2c1,-1.16
sample_192,O=S(CCCl)CCCl,-1.16
sample_193,CCC(CC)CO,-1.17
sample_194,ClC(Cl)Cl,-1.17
sample_195,Cc1ccc(O)c(C)c1,-1.19
sample_196,O=Cc1ccccc1,-1.19
sample_197,Cc1ccc(CO)cc1,-1.2
sample_198,COC(=O)C1C2C=CC(C2)C1C(=O)OC,-1.2
sample_199,C=CC(=O)OCC(C)C,-1.21
sample_200,CC(C)(C)NCC(O)c1ccc(O)c(CO)c1,-1.22
sample_201,CC(C)C(O)C(C)C,-1.22
sample_202,NC(Cc1c[nH]c2ccccc12)C(=O)O,-1.23
sample_203,CC(=O)NS(=O)(=O)c1ccc(N)cc1,-1.23
sample_204,CCCCOC(C)=O,-1.24
sample_205,CCCCCCO,-1.24
sample_206,O=C1NC(=O)C(=O)C(=O)N1,-1.25
sample_207,CCC(C)(O)C(C)(C)C,-1.27
sample_208,CC(=O)c1ccccc1,-1.28
sample_209,CC(=O)c1cccc(N)c1,-1.28
sample_210,CCCC(=O)OCC,-1.28
sample_211,CC(Cl)Cl,-1.29
sample_212,COc1ccc(NC(C)=O)cc1,-1.3
sample_213,c1ccc2ncccc2c1,-1.3
sample_214,CCCCCC=O,-1.3
sample_215,ClCCBr,-1.32
sample_216,CC(=O)Nc1ccccc1,-1.33
sample_217,CC(=O)CCC(C)C,-1.33
sample_218,CCc1ccccc1O,-1.36
sample_219,CCCCC(=O)OC,-1.36
sample_220,N=C(N)N[N+](=O)[O-],-1.37
sample_221,Nc1cccc(Cl)c1,-1.37
sample_222,OCCCc1ccccc1,-1.38
sample_223,CC(C)CCC(C)O,-1.38
sample_224,CCC1(CC)C(=O)NC(=O)NC1=O,-1.39
sample_225,Cc1cc(C)cc(O)c1,-1.4
sample_226,CCN(CC)CCOC(=O)c1ccc(N)cc1,-1.4
sample_227,CC(=O)Nc1ccccc1Cl,-1.4
sample_228,CCCC(O)CCC,-1.4
sample_229,O=C(O)CCc1ccccc1,-1.41
sample_230,CCCCCC(C)=O,-1.42
sample_231,c1ccc(-c2ccccn2)nc1,-1.42
sample_232,Cc1cccc(O)c1C,-1.43
sample_233,CCCCNCCCC,-1.44
sample_234,c1ccsc1,-1.45
sample_235,c1ccc2cnccc2c1,-1.45
sample_236,O=C(O)c1ccsc1,-1.47
sample_237,CCCCl,-1.47
sample_238,ClCC(Cl)Cl,-1.48
sample_239,COc1ccc(C=O)cc1,-1.49
sample_240,O=S(=O)(CCCl)CCCl,-1.5
sample_241,N=C(N)NCC(=O)O,-1.51
sample_242,c1ccc2[nH]ccc2c1,-1.52
sample_243,CCCC(C)(C)CO,-1.52
sample_244,Nc1ccccc1C(=O)O,-1.52
sample_245,COc1ccc2c3c1OC1C(O)C=CC4C(C2)N(C)CCC341,-1.52
sample_246,NCc1ccccc1,-1.53
sample_247,c1cc(-c2ccncc2)ccn1,-1.54
sample_248,Cc1ccc(C)c(O)c1,-1.54
sample_249,CC(C)(C)CCCO,-1.55
sample_250,O=C(O)c1ccccc1,-1.55
sample_251,Cc1cccc(C)c1NC(=O)C1CCCCN1C,-1.55
sample_252,CSc1cnc2cncnc2n1,-1.55
sample_253,Oc1ccc(Cl)cc1Cl,-1.55
sample_254,CCCCCC(C)O,-1.55
sample_255,CCCCC(=O)CC(C)=O,-1.56
sample_256,C=CCc1ccc(O)c(OC)c1,-1.56
sample_257,Cn1c(=O)[nH]c2[nH]c(=O)[nH]c2c1=O,-1.56
sample_258,Cc1cc(O)ccc1Cl,-1.57
sample_259,CNC(=O)Oc1ccccc1C1OCCO1,-1.57
sample_260,CC(=O)Nc1ccc(C=O)cc1,-1.58
sample_261,COC(=O)c1ccc(N)cc1,-1.59
sample_262,c1ccc(C2CO2)cc1,-1.6
sample_263,CC(Cl)CCl,-1.6
sample_264,CC(=O)CC(=O)CC(C)C,-1.6
sample_265,COCC(=O)N(c1c(C)cccc1C)C(C)C(=O)OC,-1.6
sample_266,O=C(O)c1ccccc1C(F)(F)F,-1.6
sample_267,CC(C)CC(C)CO,-1.6
sample_268,CN(C)C(=O)Nc1ccccc1,-1.6
sample_269,CC(=O)Nc1ccc(S(N)(=O)=O)cc1,-1.61
sample_270,COc1ccc(CC2NCC(O)C2OC(C)=O)cc1,-1.61
sample_271,CNC(=O)ON=C(CSC)C(C)(C)C,-1.62
sample_272,C=CCN(CC=C)C(=O)C(Cl)Cl,-1.62
sample_273,ClCCCCl,-1.62
sample_274,CCCOCCC,-1.62
sample_275,O=Cc1ccc2c(c1)OCO2,-1.63
sample_276,c1ccccc1,-1.64
sample_277,C=C(Cl)Cl,-1.64
sample_278,O=C1NS(=O)(=O)c2ccccc21,-1.64
sample_279,CC12CCC(CC1)C(C)(C)O2,-1.64
sample_280,CCCCC1(CC)C(=O)NC(=O)NC1=O,-1.64
sample_281,Nc1ccc(Cl)cc1,-1.66
sample_282,CCCC(C)(COC(N)=O)COC(N)=O,-1.67
sample_283,CC(=O)OC1CCCCC1,-1.67
sample_284,O=C(O)c1cccc([N+](=O)[O-])c1,-1.68
sample_285,BrCCBr,-1.68
sample_286,COc1c(Cl)ccc(Cl)c1C(=O)O,-1.7
sample_287,CCNc1ccccc1,-1.7
sample_288,CCCCCCC=O,-1.7
sample_289,FC(F)(F)C(Cl)Br,-1.71
sample_290,C=CCC1(C(C)C)C(=O)NC(=O)NC1=O,-1.71
sample_291,CCCCCC(C)(C)O,-1.72
sample_292,CCCCC(C)C(C)O,-1.72
sample_293,O=C1C=CC(O)(c2cc(O)ccc2O)C=C1,-1.73
sample_294,CCCBr,-1.73
sample_295,O=[N+]([O-])c1ccccc1O,-1.74
sample_296,ClC(Cl)C(Cl)Cl,-1.74
sample_297,Cc1ccc(S(N)(=O)=O)cc1,-1.74
sample_298,CCCCC(=O)OCC,-1.75
sample_299,CSc1ncc2nccnc2n1,-1.76
sample_300,NC(=O)c1ccccc1O,-1.76
sample_301,CCN(CC)CC(=O)Nc1c(C)cccc1C,-1.76
sample_302,CC=CC=CC(=O)O,-1.77
sample_303,NC(=S)Nc1ccccc1,-1.77
sample_304,O=C1CSC(=S)N1,-1.77
sample_305,COC(=O)c1ccc(O)cc1,-1.78
sample_306,CCCOC(=O)c1cc(O)c(O)c(O)c1,-1.78
sample_307,CC(=O)Nc1ccc(F)cc1,-1.78
sample_308,O=[N+]([O-])c1ccccc1,-1.8
sample_309,CNC(=O)Oc1cccc(C)c1,-1.8
sample_310,Fc1ccccc1,-1.8
sample_311,CCCCCCCO,-1.81
sample_312,O=C(O)c1ccccc1O,-1.82
sample_313,CCC(=O)c1ccccc1,-1.83
sample_314,CC(=O)N=c1sc(S(N)(=O)=O)nn1C,-1.83
sample_315,C=C1CC23CC1(O)CCC2C12C=CC(O)C(C)(C(=O)O1)C2C3C(=O)O,-1.84
sample_316,CCCCOCCCC,-1.85
sample_317,COc1ccccc1,-1.85
sample_318,CCCC(CCC)C(=O)O,-1.86
sample_319,COc1ccc2c(c1O)C13CCN(C)C1(C=CC(=O)C3)CC2,-1.87
sample_320,CC1CCCC(=O)C1,-1.87
sample_321,C1CCN2CC3CC(CN4CCCCC34)C2C1,-1.89
sample_322,CCCCCOC(C)=O,-1.89
sample_323,CCOC(=O)C1(c2ccccc2)CCN(C)CC1,-1.89
sample_324,COc1ccc2c(c1OC)C(=O)OC2,-1.89
sample_325,O=C(O)CCCCCCCC(=O)O,-1.89
sample_326,ClC(Br)Br,-1.9
sample_327,BrC(Br)Br,-1.91
sample_328,CN1C2CCC1CC(OC(=O)C(CO)c1ccccc1)C2,-1.91
sample_329,CC(=O)Nc1ccc(OC(C)=O)cc1,-1.91
sample_330,CCCOC(=O)CCC,-1.92
sample_331,COc1ccc(C=O)c(C(=O)O)c1OC,-1.92
sample_332,CCCCCCOC(N)=O,-1.92
sample_333,CN(C)c1ccccc1,-1.92
sample_334,CCC(=O)Nc1ccccc1,-1.92
sample_335,CC(=O)OCCC(C)C,-1.92
sample_336,O=C(O)c1cc(=O)[nH]c(=O)[nH]1,-1.93
sample_337,OC(c1ccccc1)C(O)c1ccccc1,-1.93
sample_338,CCc1nnc(NS(=O)(=O)c2ccc(N)cc2)s1,-1.94
sample_339,Cc1ccc2ccc(C)nc2c1,-1.94
sample_340,Cc1nc(N(C)C)nc(OC(=O)N(C)C)c1C,-1.95
sample_341,COc1ccccc1[N+](=O)[O-],-1.96
sample_342,O=C(O)C=Cc1c[nH]cn1,-1.96
sample_343,CCC(C)Cl,-1.96
sample_344,Nc1ccccc1[N+](=O)[O-],-1.96
sample_345,C1=CCC=CC1,-1.97
sample_346,Oc1ccc2c(c1)CCCC2,-1.99
sample_347,CC(Cl)(Cl)Cl,-2
sample_348,Cc1ccccc1S(N)(=O)=O,-2.02
sample_349,CCCCCl,-2.03
sample_350,CCCCCCC(C)=O,-2.05
sample_351,CNC(=O)Oc1ccccc1OC(C)C,-2.05
sample_352,CC(=O)c1ccc(S(=O)(=O)NC(=O)NC2CCCCC2)cc1,-2.06
sample_353,C=C(C(=O)O)c1ccccc1,-2.06
sample_354,C=C(C)C1CC=C(C)C(=O)C1,-2.06
sample_355,Cc1ccccc1C(=O)O,-2.06
sample_356,OC1CCN2C1=Nc1ccccc1C2O,-2.07
sample_357,O=C(O)Cc1c[nH]c2ccccc12,-2.07
sample_358,Cc1ccc(C(C)C)cc1O,-2.08
sample_359,CC(=O)Nc1cccc(C)c1,-2.09
sample_360,Cc1cc(OC(=O)N(C)C)n(-c2ccccc2)n1,-2.09
sample_361,CC(C)I,-2.09
sample_362,C=CCC=C,-2.09
sample_363,CCCCCCC(C)O,-2.09
sample_364,COc1cc2c(cc1OC)C13CCN4CC5=CCOC6CC(=O)N2C1C6C5CC43,-2.09
sample_365,OCc1c(Cl)cccc1Cl,-2.1
sample_366,CCCCC(CC)CO,-2.11
sample_367,O=C(O)c1ccccc1C(=O)O,-2.11
sample_368,CN1C2CCC1CC(OC(=O)C(CO)c1ccccc1)C2,-2.12
sample_369,Sc1ccccc1,-2.12
sample_370,Nc1ncnc2[nH]cnc12,-2.12
sample_371,CN1CSC(=S)N(C)C1,-2.13
sample_372,Cc1cccc(C(=O)O)c1,-2.14
sample_373,O=c1ccc2ccccc2[nH]1,-2.14
sample_374,CC(C)CNC(=O)N1CCNC1=O,-2.15
sample_375,C1=CC=CCC=C1,-2.15
sample_376,O=C(O)COc1ccccc1Cl,-2.16
sample_377,Oc1ccc2ncccc2c1,-2.16
sample_378,CCC1(C2=CCCCC2)C(=O)NC(=O)NC1=O,-2.17
sample_379,CCOc1ccc(NC(N)=O)cc1,-2.17
sample_380,C=CCC1(c2ccccc2)C(=O)NC(=O)NC1=O,-2.18
sample_381,CCCCNC(=O)NS(=O)(=O)c1ccc(N)cc1,-2.18
sample_382,ClCC(Cl)(Cl)Cl,-2.18
sample_383,O=[N+]([O-])c1ccc(C=NO)o1,-2.19
sample_384,Nc1cccc([N+](=O)[O-])c1,-2.19
sample_385,CCC1(C(C)C)C(=O)NC(=O)NC1=O,-2.21
sample_386,Cc1ccccc1,-2.21
sample_387,O=C(O)C(O)(c1ccccc1)c1ccccc1,-2.21
sample_388,Oc1cccc2ccccc12,-2.22
sample_389,Cc1ccc(C(C)C)c(O)c1,-2.22
sample_390,CC(Oc1ccccc1Cl)C(=O)O,-2.22
sample_391,O=[N+]([O-])OCC(CO[N+](=O)[O-])O[N+](=O)[O-],-2.22
sample_392,CCC1(CC)C(=O)NC(=O)N(C)C1=O,-2.23
sample_393,Cc1cc(Cl)ccc1OCC(=O)O,-2.23
sample_394,CCCCc1c(C)nc(N(C)C)nc1O,-2.24
sample_395,Cc1cc(NS(=O)(=O)c2ccc(N)cc2)nc(C)n1,-2.24
sample_396,CC(=O)Nc1ccccc1O,-2.24
sample_397,O=c1cc[nH]c(=S)[nH]1,-2.26
sample_398,Oc1ccc2ccccc2c1,-2.28
sample_399,O=C1NC(=O)C([N+](=O)[O-])C(=O)N1,-2.28
sample_400,CCCI,-2.29
sample_401,CCCCCCCC(=O)O,-2.3
sample_402,CCOP(=S)(OCC)Oc1ccc(S(C)=O)cc1,-2.3
sample_403,Fc1cc(F)c(F)c(F)c1,-2.31
sample_404,ClC(Cl)(Cl)Cl,-2.31
sample_405,CCOC(=O)c1ccccc1,-2.32
sample_406,CC1(C)C2CCC1(C)C(O)C2,-2.32
sample_407,Nc1ccc(S(=O)(=O)Nc2ccnn2-c2ccccc2)cc1,-2.32
sample_408,CCCOC(=O)c1ccc(N)cc1,-2.33
sample_409,NNC(=O)Nc1ccccc1,-2.33
sample_410,COC(=O)c1ccccc1O,-2.34
sample_411,Oc1c(Cl)cc(Cl)cc1Cl,-2.34
sample_412,CCC1(c2ccccc2)CCC(=O)NC1=O,-2.34
sample_413,CCc1cccc(CC)c1N,-2.35
sample_414,CCOC(=O)c1ccccc1C(=O)OCC,-2.35
sample_415,CCOC(=O)c1ccc(O)cc1,-2.35
sample_416,CCCCCCCC=O,-2.36
sample_417,C#CCCCC,-2.36
sample_418,CN(C)C(=O)NC1CCCCCCC1,-2.36
sample_419,CSc1ncnc2nccnc12,-2.36
sample_420,S=c1ncc2nccnc2[nH]1,-2.36
sample_421,CCOc1ccc(NC(C)=O)cc1,-2.37
sample_422,CCCCBr,-2.37
sample_423,Clc1ccccc1,-2.38
sample_424,ClCC(Br)CBr,-2.38
sample_425,N#Cc1ccccc1C#N,-2.38
sample_426,Oc1ncnc2[nH]ncc12,-2.38
sample_427,ClCc1ccccc1,-2.39
sample_428,Oc1ccccc1-c1ccccc1,-2.39
sample_429,CSc1ccccc1,-2.39
sample_430,CCCC(Cl)Cl,-2.4
sample_431,COC(=O)c1ccc(OC)cc1,-2.41
sample_432,Cc1nnc(NS(=O)(=O)c2ccc(N)cc2)s1,-2.41
sample_433,COc1ccc([N+](=O)[O-])cc1,-2.41
sample_434,Cc1c[nH]c2ccccc12,-2.42
sample_435,CC(C)CBr,-2.43
sample_436,Cc1cc(=O)[nH]c(=S)[nH]1,-2.43
sample_437,Nc1ccc(S(=O)(=O)Nc2nccs2)cc1,-2.43
sample_438,CC1=C(C(=O)Nc2ccccc2)S(=O)(=O)CCO1,-2.43
sample_439,Cc1cccc([N+](=O)[O-])c1,-2.44
sample_440,Cc1nc(NS(=O)(=O)c2ccc(N)cc2)oc1C,-2.44
sample_441,Cc1cnc(S)nc1O,-2.45
sample_442,CC(Oc1ccc(Cl)cc1Cl)C(=O)O,-2.45
sample_443,Nc1cc(Cl)cc(C(=O)O)c1Cl,-2.47
sample_444,Cc1[nH]c(=O)n(C(C)(C)C)c(=O)c1Cl,-2.48
sample_445,O=C(O)C=Cc1ccccc1,-2.48
sample_446,CC(C)N(C(=O)CCl)c1ccccc1,-2.48
sample_447,O=C(O)COc1ccc(Cl)cc1Cl,-2.51
sample_448,CN(C)C1C(O)=C(C(N)=O)C(=O)C2(O)C(O)=C3C(=O)c4c(O)ccc(Cl)c4C(O)C3CC12,-2.52
sample_449,CCCC(C)C1(CC)C(=O)NC(=O)NC1=O,-2.52
sample_450,COc1cc(Cl)c(Cl)cc1O,-2.53
sample_451,CC=CCC,-2.54
sample_452,Fc1ccc(CCl)cc1,-2.54
sample_453,Oc1cccc2ncccc12,-2.54
sample_454,COc1cc(NS(=O)(=O)c2ccc(N)cc2)nc(C)n1,-2.54
sample_455,Cc1cc(Cl)ccc1OC(C)C(=O)O,-2.55
sample_456,CC1=C(C(=O)Nc2ccccc2)CCCO1,-2.56
sample_457,CCC1(CCC(C)C)C(=O)NC(=O)NC1=O,-2.57
sample_458,COc1cnc(NS(=O)(=O)c2ccc(N)cc2)nc1,-2.58
sample_459,CCCCCCCC(C)=O,-2.58
sample_460,C1=CCCCC1,-2.59
sample_461,O=C(O)c1cccc(Cl)c1,-2.59
sample_462,CCc1cccs1,-2.59
sample_463,c1ccc(CN(CC2=NCCN2)c2ccccc2)cc1,-2.6
sample_464,ClC(Cl)C(Cl)(Cl)Cl,-2.6
sample_465,COc1ccc(C(O)(c2cncnc2)C2CC2)cc1,-2.6
sample_466,O=C(O)Cn1c(=O)sc2cccc(Cl)c21,-2.61
sample_467,Cc1cc(NS(=O)(=O)c2ccc(N)cc2)no1,-2.62
sample_468,CCCCCCCOC(N)=O,-2.62
sample_469,NS(=O)(=O)c1cc2c(cc1Cl)NCNS2(=O)=O,-2.62
sample_470,O=[N+]([O-])OC1COC2C(O[N+](=O)[O-])COC12,-2.63
sample_471,CCC(=O)c1ccc(N)cc1,-2.63
sample_472,CCCC(C)Cl,-2.63
sample_473,C1CCCC1,-2.64
sample_474,CN(C)CCN(Cc1ccccc1)c1ccccn1,-2.64
sample_475,CN(C)CCN(Cc1cccs1)c1ccccn1,-2.64
sample_476,O=C(O)Cc1cccc2ccccc12,-2.65
sample_477,CC(C)N1C(=O)c2ccccc2NS1(=O)=O,-2.68
sample_478,C=CCCC=C,-2.68
sample_479,C=CCCC,-2.68
sample_480,c1cnc2c(c1)ccc1ncccc12,-2.68
sample_481,CC(=O)Nc1ccc([N+](=O)[O-])cc1,-2.69
sample_482,CC(Cl)C(C)(C)Cl,-2.69
sample_483,CC(Cl)C(C)Cl,-2.7
sample_484,Nc1ccc(-c2ccc(N)cc2)cc1,-2.7
sample_485,NCCCCCCCCCCC(=O)O,-2.7
sample_486,CCCCCCC(=O)OCC,-2.71
sample_487,CCOc1ccc(C(=O)OCCN(CC)CC)cc1,-2.71
sample_488,CCCCOC(=O)c1ccc(O)cc1,-2.72
sample_489,O=C(O)c1ccccc1I,-2.73
sample_490,CCc1cccc(C)c1N(C(=O)CCl)C(C)COC,-2.73
sample_491,CCCCCCl,-2.73
sample_492,CN1C(=O)NC(=O)C(C)(C2=CCCCC2)C1=O,-2.74
sample_493,CCCCCCCCC(=O)O,-2.75
sample_494,Nc1c(Cl)c(Cl)nc(C(=O)O)c1Cl,-2.75
sample_495,C=CC1CN2CCC1CC2C(O)c1ccnc2ccc(OC)cc12,-2.76
sample_496,S=c1[nH]cnc2nccnc12,-2.77
sample_497,c1ccc2c(c1)cnc1ccccc12,-2.78
sample_498,Cc1cc(O)cc(C)c1Cl,-2.8
sample_499,Cc1ccccc1C,-2.8
sample_500,O=C(Cn1ccnc1[N+](=O)[O-])NCc1ccccc1,-2.81
sample_501,Cn1c(=O)on(-c2ccc(Cl)c(Cl)c2)c1=O,-2.82
sample_502,Cc1cccc(C)c1,-2.82
sample_503,CCC1C2CC3C4N(C)c5ccccc5C45CC(C2C5O)N3C1O,-2.82
sample_504,Nc1ccc(S(=O)(=O)c2ccc(N)cc2)cc1,-2.82
sample_505,CC(=O)Nc1ccc(Cl)cc1,-2.84
sample_506,Cc1ccnc(NS(=O)(=O)c2ccc(N)cc2)n1,-2.85
sample_507,COc1cc(Cc2cnc(N)nc2N)cc(OC)c1OC,-2.86
sample_508,NC(Cc1cc(I)c(O)c(I)c1)C(=O)O,-2.86
sample_509,CC1c2cccc(O)c2C(=O)C2=C(O)C3(O)C(=O)C(C(N)=O)=C(O)C(N(C)C)C3C(O)C21,-2.87
sample_510,Nc1cnn(-c2ccccc2)c(=O)c1Cl,-2.87
sample_511,CN(C)C1C(O)=C(C(N)=O)C(=O)C2(O)C(O)=C3C(=O)c4c(O)ccc(Cl)c4C(C)(O)C3CC12,-2.88
sample_512,CN(C)C(=O)Nc1ccc(Cl)cc1,-2.89
sample_513,CC(C)CCBr,-2.89
sample_514,Cc1noc(NS(=O)(=O)c2ccc(N)cc2)c1C,-2.91
sample_515,Oc1cccc2c(O)cccc12,-2.92
sample_516,C=CCc1ccc(OC)cc1,-2.92
sample_517,NC(=O)c1ccccc1C(N)=O,-2.92
sample_518,CN(C)C(=O)Nc1cccc(OC(=O)NC(C)(C)C)c1,-2.93
sample_519,COc1cc(O)c2c(=O)c3cc(O)ccc3oc2c1,-2.93
sample_520,CCCCI,-2.96
sample_521,COc1cc(NS(=O)(=O)c2ccc(N)cc2)nc(OC)n1,-2.96
sample_522,CN(C)C(=O)C(c1ccccc1)c1ccccc1,-2.98
sample_523,CCOC(=O)C=Cc1ccccc1,-3
sample_524,CCC(=O)Nc1ccc(Cl)c(Cl)c1,-3
sample_525,CCC1(C2=CCCCCC2)C(=O)NC(=O)NC1=O,-3
sample_526,CCCCCCCCCO,-3.01
sample_527,CN(C)C(=O)NC1CC2CC1C1CCCC21,-3.01
sample_528,C#CCCCCC,-3.01
sample_529,CCCCc1c(C)nc(NCC)nc1O,-3.02
sample_530,CCN(CC)c1ccccc1,-3.03
sample_531,CC(C)Cc1ccc(C(C)C(=O)NO)cc1,-3.04
sample_532,CCNc1nc(NC(C)C)nc(SC)n1,-3.04
sample_533,NS(=O)(=O)c1cc2c(cc1Cl)N=CNS2(=O)=O,-3.05
sample_534,CCCCNC(=O)NS(=O)(=O)c1ccccc1,-3.05
sample_535,Clc1ccccc1Cl,-3.05
sample_536,C=CC1CN2CCC1CC2C(O)c1ccnc2ccccc12,-3.07
sample_537,CCCCCBr,-3.07
sample_538,O=c1c(O)c(-c2ccc(O)cc2O)oc2cc(O)cc(O)c12,-3.08
sample_539,C=CC1CN2CCC1CC2C(O)c1ccnc2ccccc12,-3.09
sample_540,CC1=C2C3OC(=O)C(C)C3CCC2(C)C=CC1=O,-3.09
sample_541,CCc1ccc(C)cc1,-3.11
sample_542,CC12CCC(=O)C=C1CCC1C2C(=O)CC2(C)C1CCC2(O)C(=O)CO,-3.11
sample_543,CCCCCCCl,-3.12
sample_544,CN(C)C1C(O)=C(C(N)=O)C(=O)C2(O)C(O)=C3C(=O)c4c(O)cccc4C(C)(O)C3CC12,-3.12
sample_545,CCCCN(CCCC)CCCC,-3.12
sample_546,FC(F)(Cl)C(F)(F)Cl,-3.12
sample_547,C=CCOC(=O)c1ccccc1C(=O)OCC=C,-3.13
sample_548,CC=Cc1ccc(OC)cc1,-3.13
sample_549,Fc1ccc(I)cc1,-3.13
sample_550,CN(C)C1C(O)=C(C(N)=O)C(=O)C2(O)C(O)=C3C(=O)c4c(O)cccc4C(C)(O)C3C(O)C12,-3.14
sample_551,BrC(Br)(Br)Br,-3.14
sample_552,COc1ccc2c(c1OC)C(=O)OC2C1c2c(cc3c(c2OC)OCO3)CCN1C,-3.14
sample_553,CC1=C(C(=O)Nc2ccccc2)SCCO1,-3.14
sample_554,CCNc1nc(Cl)nc(NC(C)(C)C#N)n1,-3.15
sample_555,O=C(Nc1ccccc1)Nc1ccccc1,-3.15
sample_556,O=C(Oc1ccccc1)c1ccccc1O,-3.15
sample_557,CCN(CC)CCNC(=O)c1cc(Cl)c(N)cc1OC,-3.18
sample_558,Sc1nc2ccccc2s1,-3.18
sample_559,CCCCC,-3.18
sample_560,Cc1cccc(C)c1C,-3.2
sample_561,Clc1cccc(Br)c1,-3.21
sample_562,CCc1ccccc1C,-3.21
sample_563,O=C(O)C(c1ccccc1)c1ccccc1,-3.22
sample_564,IC=CI,-3.22
sample_565,C=CCCCC,-3.23
sample_566,Nc1ccc(Cl)c(Cl)c1,-3.24
sample_567,CC(=O)Nc1cc(NS(=O)(=O)C(F)(F)F)c(C)cc1C,-3.24
sample_568,CC(=O)Nc1ccc(I)cc1,-3.25
sample_569,CCc1cccc(CC)c1N(COC)C(=O)CCl,-3.26
sample_570,CCCCCOC(=O)c1ccc(N)cc1,-3.26
sample_571,COC(=O)c1cc(Cl)cc(N)c1Cl,-3.26
sample_572,CCCCCNCCOC(=O)c1ccc(N)cc1,-3.27
sample_573,O=C(O)c1cccc(I)c1,-3.27
sample_574,CC1=CCCCC1,-3.27
sample_575,CC(C)c1ccccc1,-3.27
sample_576,COc1ccc(NS(=O)(=O)c2ccc(N)cc2)nn1,-3.28
sample_577,CNC(=O)Oc1cccc2ccccc12,-3.28
sample_578,CC1CCCC1,-3.3
sample_579,Cc1occc1C(=O)Nc1ccccc1,-3.3
sample_580,O=C(O)c1cc(I)cc(I)c1O,-3.31
sample_581,O=C(O)c1ccc(Cl)cc1,-3.31
sample_582,CCCCCCCCC(C)=O,-3.31
sample_583,Cc1ccc(C)c(C)c1,-3.31
sample_584,O=C1CC2OCC=C3CN4CCC56c7ccccc7N1C5C2C3CC46,-3.32
sample_585,N#Cc1cc(Br)c(O)c(Br)c1,-3.33
sample_586,CCOP(=S)(OCC)N1C(=O)c2ccccc2C1=O,-3.35
sample_587,c1ccc2c(c1)ccc1ncccc12,-3.36
sample_588,CCCC(C)C1(CC)C(=O)NC(=S)NC1=O,-3.36
sample_589,CC(CCC(=O)O)C1CCC2C3C(O)CC4CC(O)CCC4(C)C3CC(O)C12C,-3.37
sample_590,CCn1cc(C(=O)O)c(=O)c2ccc(C)nc21,-3.37
sample_591,C=CC1CN2CCC1CC2C(O)c1ccnc2ccc(OC)cc12,-3.37
sample_592,CCCc1ccccc1,-3.37
sample_593,OC(Cn1cncn1)(c1ccc(F)cc1)c1ccccc1F,-3.37
sample_594,CCCCCCCC(=O)OC,-3.39
sample_595,C=C(Cl)CSC(=S)N(CC)CC,-3.39
sample_596,CCCCNC(=O)NS(=O)(=O)c1ccc(C)cc1,-3.39
sample_597,CN(C)CCC=C1c2ccccc2COc2ccccc21,-3.4
sample_598,C=CCCCCCCCCC(=O)O,-3.4
sample_599,Cc1cc(C)cc(C)c1,-3.4
sample_600,CCOC1Oc2ccc(OS(C)(=O)=O)cc2C1(C)C,-3.42
sample_601,CC12CCC(=O)C=C1CCC1C3CCC(O)(C(=O)CO)C3(C)CC(O)C12F,-3.43
sample_602,CN(C)C(=O)Nc1cccc(C(F)(F)F)c1,-3.43
sample_603,CCCCCCCCCC(=O)O,-3.44
sample_604,C=CCC1(C(C)CCC)C(=O)NC(=S)NC1=O,-3.46
sample_605,CC12CC(=O)C3C(CCC4=CC(=O)CCC43C)C1CCC2=O,-3.48
sample_606,CCCCOC(=O)c1ccccc1,-3.48
sample_607,Oc1ccc(-c2ccccc2)cc1,-3.48
sample_608,Brc1ccccc1Br,-3.5
sample_609,Nc1ccc(S(=O)(=O)Nc2ncccn2)cc1,-3.51
sample_610,c1ccc(Nc2ccccc2)cc1,-3.51
sample_611,C1CCCCCC1,-3.52
sample_612,CON(C)C(=O)Nc1ccc(Cl)c(Cl)c1,-3.52
sample_613,Cc1cccc(Br)c1,-3.52
sample_614,Cc1ccccc1Cl,-3.52
sample_615,O=[N+]([O-])c1cccc2ccccc12,-3.54
sample_616,CCC(C)(C)C,-3.55
sample_617,CCN(CC)C(=O)C(C)Oc1cccc2ccccc12,-3.57
sample_618,CC(=O)N(c1onc(C)c1C)S(=O)(=O)c1ccc(N)cc1,-3.59
sample_619,NS(=O)(=O)c1cc2c(cc1C(F)(F)F)NC(Cc1ccccc1)NS2(=O)=O,-3.59
sample_620,Clc1ccc(Cl)c(Cl)c1,-3.59
sample_621,O=C(Nc1ccccc1)c1ccccc1O,-3.59
sample_622,c1ccc2ccccc2c1,-3.6
sample_623,O=C1Nc2ccc(Cl)cc2C(c2ccccc2Cl)=NC1O,-3.6
sample_624,N#Cc1cc(I)c(O)c(I)c1,-3.61
sample_625,CC(C)(C)C(=O)C(Oc1ccc(Cl)cc1)n1cncn1,-3.61
sample_626,CCCCCCCCCCO,-3.63
sample_627,Clc1ccc(Br)cc1,-3.63
sample_628,CC1CC2C3CCC4=CC(=O)C=CC4(C)C3(F)C(O)CC2(C)C1(O)C(=O)CO,-3.64
sample_629,CC(CCC(=O)O)C1CCC2C3C(O)CC4CC(O)CCC4(C)C3CCC12C,-3.64
sample_630,CNCCCN1c2ccccc2CCc2ccccc21,-3.66
sample_631,C#CCCCCCC,-3.66
sample_632,ClC(Cl)(Cl)C(Cl)(Cl)Cl,-3.67
sample_633,O=C(O)CCCOc1ccc(Cl)cc1Cl,-3.67
sample_634,Cc1cc2nc3c(=O)[nH]c(=O)nc-3n(CC(O)C(O)C(O)CO)c2cc1C,-3.68
sample_635,Cc1ccc(S(=O)(=O)NC(=O)NN2CCCCCC2)cc1,-3.68
sample_636,CC12C=CC(=O)C=C1CCC1C3CC(O)C(O)(C(=O)CO)C3(C)CC(O)C12F,-3.69
sample_637,CC12CCC3C(CCC4=CC(=O)CCC43C)C1CCC2=O,-3.69
sample_638,CC(C(=O)O)c1cccc(C(=O)c2ccccc2)c1,-3.7
sample_639,Nc1ccc(S(=O)(=O)Nc2cnccn2)cc1,-3.7
sample_640,CCC(=O)N(c1ccccc1)C1(COC)CCN(CCc2cccs2)CC1,-3.71
sample_641,CCCCC1C(=O)N(c2ccccc2)N(c2ccc(O)cc2)C1=O,-3.73
sample_642,CCCC(C)C,-3.74
sample_643,CCc1ccc(CC)cc1,-3.75
sample_644,O=NN(c1ccccc1)c1ccccc1,-3.75
sample_645,COC(=O)C(Cl)Cc1ccc(Cl)cc1,-3.77
sample_646,Cc1ccc2ccccc2c1,-3.77
sample_647,Cc1ccccc1N1C(=O)c2cc(S(N)(=O)=O)c(Cl)cc2NC1C,-3.78
sample_648,Cc1cccc(C)c1NC(=O)c1cc(S(N)(=O)=O)c(Cl)cc1O,-3.79
sample_649,CN1C(=O)CN=C(c2ccccc2)c2cc([N+](=O)[O-])ccc21,-3.8
sample_650,CCOc1ccc2nc(S(N)(=O)=O)sc2c1,-3.81
sample_651,CCCCC1C(=O)N(c2ccccc2)N(c2ccccc2)C1=O,-3.81
sample_652,CCCCCCBr,-3.81
sample_653,CC(CCC(=O)O)C1CCC2C3CC(O)C4CC(O)CCC4(C)C3CCC12C,-3.82
sample_654,CCCCOc1ccc(C(=O)OCCN(CC)CC)cc1,-3.84
sample_655,CCC(C)c1ccccc1,-3.89
sample_656,Clc1cccc2ccccc12,-3.93
sample_657,CCCCCCOC(=O)c1ccc(N)cc1,-3.95
sample_658,Oc1ccc(Cl)cc1Cc1cc(Cl)ccc1O,-3.95
sample_659,C1=Cc2cccc3cccc1c23,-3.96
sample_660,CC12CCC3c4ccc(O)cc4CCC3C1CCC2=O,-3.96
sample_661,Cc1ccnc2c1ccc1c(C)ccnc12,-3.97
sample_662,N#Cc1ccc2c(c1)N(CCCN1CCC(O)CC1)c1ccccc1S2,-3.98
sample_663,CC(C)Cc1ccc(C(C)C(=O)O)cc1,-3.99
sample_664,CCNc1nc(NC(C)(C)C)nc(SC)n1,-4
sample_665,C=C(C)C1CC=C(C)CC1,-4
sample_666,COc1c(O)c(Cl)c(Cl)c(Cl)c1Cl,-4.02
sample_667,CNc1cnn(-c2cccc(C(F)(F)F)c2)c(=O)c1Cl,-4.04
sample_668,CCNc1nc(Cl)nc(N(CC)CC)n1,-4.06
sample_669,CC(C)N(C(=O)SCC(Cl)=CCl)C(C)C,-4.08
sample_670,Cc1nnc2n1-c1ccc(Cl)cc1C(c1ccccc1Cl)=NC2,-4.08
sample_671,CCCCCCCCCC(=O)OCC,-4.1
sample_672,CC(=O)C1(O)CCC2C3CC(C)C4=CC(=O)C=CC4(C)C3(F)C(O)CC21C,-4.1
sample_673,CC1CCCCC1NC(=O)Nc1ccccc1,-4.11
sample_674,CC(C)(C)C(=O)C1C(=O)c2ccccc2C1=O,-4.11
sample_675,CC(C)Cc1ccccc1,-4.12
sample_676,CC12CCC3C(CC=C4CC(O)CCC43C)C1CCC2=O,-4.12
sample_677,Cc1ccc(C)c2ccccc12,-4.14
sample_678,Clc1ccc2ccccc2c1,-4.14
sample_679,CCC(C)(C)c1ccccc1,-4.15
sample_680,OCCN1CCN(CCCN2c3ccccc3Sc3ccc(C(F)(F)F)cc32)CC1,-4.15
sample_681,COc1ccc(Oc2ccc(NC(=O)N(C)C)cc2)cc1,-4.16
sample_682,COc1ccc2cc(C(C)C(=O)O)ccc2c1,-4.16
sample_683,CCCCc1c(C)nc(NCC)nc1OS(=O)(=O)N(C)C,-4.16
sample_684,OCCN1CCN(CCCN2c3ccccc3Sc3ccc(Cl)cc32)CC1,-4.16
sample_685,CC12CCC3C(CCC4CC(O)CCC43C)C1CCC2=O,-4.16
sample_686,CCc1cccc2ccccc12,-4.17
sample_687,c1ccc(Cc2ccccc2)cc1,-4.17
sample_688,COC(=O)C1(O)c2ccccc2-c2ccc(Cl)cc21,-4.18
sample_689,CN(C)CCCN1c2ccccc2CCc2ccccc21,-4.19
sample_690,CCCCOCN(C(=O)CCl)c1c(CC)cccc1CC,-4.19
sample_691,O=CNC(N1CCN(C(NC=O)C(Cl)(Cl)Cl)CC1)C(Cl)(Cl)Cl,-4.19
sample_692,CC(C)OP(=S)(OC(C)C)SCCNS(=O)(=O)c1ccccc1,-4.2
sample_693,Cc1ccc(S(=O)(=O)NC(=O)NC2CCCCC2)cc1,-4.21
sample_694,O=C(Nc1ccccc1)c1ccccc1I,-4.21
sample_695,COc1ccc2c(c1)N(CC(C)CN(C)C)c1ccccc1S2,-4.22
sample_696,Nc1cccc2nc3ccccc3cc12,-4.22
sample_697,CCOP(=S)(OCC)SCCSCC,-4.23
sample_698,CNC(=O)Oc1cc(C(C)(C)C)cc(C(C)(C)C)c1,-4.24
sample_699,N#Cc1c(Cl)cccc1Cl,-4.24
sample_700,C#CCCCCCCC,-4.24
sample_701,CCC1CCCCC1,-4.25
sample_702,CC(C)CC(C)C,-4.26
sample_703,CC1CCCCC1C,-4.27
sample_704,Cc1cc(C)c2ccccc2c1,-4.29
sample_705,CC(=O)OCC(=O)C1(O)CCC2C3CCC4=CC(=O)CCC4(C)C3C(O)CC21C,-4.3
sample_706,COc1ccc2ccc(=O)oc2c1CC=C(C)C,-4.31
sample_707,CCCCCCCCCCCCCCC(=O)O,-4.31
sample_708,c1ccc(-c2ccccc2)cc1,-4.31
sample_709,CC1CCCCC1C,-4.33
sample_710,Brc1cccc2ccccc12,-4.35
sample_711,CC(CCC(=O)O)C1CCC2C3CC(O)C4CC(O)CCC4(C)C3CC(O)C12C,-4.35
sample_712,CCC(=C(CC)c1ccc(O)cc1)c1ccc(O)cc1,-4.35
sample_713,O=C(O)c1ccccc1Nc1cccc(C(F)(F)F)c1,-4.36
sample_714,CC(=O)OCC(=O)C1(O)CCC2C3CCC4=CC(=O)C=CC4(C)C3C(O)CC21C,-4.37
sample_715,O=C(Nc1cccc(Cl)c1)OCC#CCCl,-4.37
sample_716,CC12CCC3C(CCC4CC(O)CCC43C)C1CCC2=O,-4.4
sample_717,Brc1ccc2ccccc2c1,-4.4
sample_718,CN1CCN(CCCN2c3ccccc3Sc3ccc(Cl)cc32)CC1,-4.4
sample_719,CCCCOC(=O)c1ccccc1C(=O)OCCCC,-4.4
sample_720,CC(=O)C1CCC2C3CCC4=CC(=O)CCC4(C)C3CCC12C,-4.43
sample_721,CC(C)Nc1nc(Cl)nc(NC(C)C)n1,-4.43
sample_722,Cn1cc(-c2ccccc2)c(=O)c(-c2cccc(C(F)(F)F)c2)c1,-4.44
sample_723,C=CCCCCCC,-4.44
sample_724,c1ccc(N=Nc2ccccc2)cc1,-4.45
sample_725,CC(=O)OC1CCC2(C)C(=CCC3C4CCC(=O)C4(C)CCC32)C1,-4.46
sample_726,Oc1cc(Cl)ccc1Oc1ccc(Cl)cc1Cl,-4.46
sample_727,CC1CCC(C)CC1,-4.47
sample_728,CC(C(=O)O)c1ccc(-c2ccccc2)c(F)c1,-4.49
sample_729,Brc1ccc(Br)c(Br)c1,-4.5
sample_730,ClC1C(Cl)C(Cl)C(Cl)C(Cl)C1Cl,-4.51
sample_731,CCCCCCC,-4.53
sample_732,Clc1ccccc1-c1ccccc1,-4.54
sample_733,CCNc1nc(Cl)nc(NCC)n1,-4.55
sample_734,Clc1ccc(Cl)c(Cl)c1Cl,-4.57
sample_735,C#CC1(O)CCC2C3CCC4=CC(=O)CCC4C3CCC21C,-4.57
sample_736,CCCCCCCOC(=O)c1ccc(N)cc1,-4.6
sample_737,S=C=Nc1cccc2ccccc12,-4.6
sample_738,c1ccc2c(c1)oc1ccccc12,-4.6
sample_739,COC1=CC(=O)CC(C)C12Oc1c(Cl)c(OC)cc(OC)c1C2=O,-4.61
sample_740,COc1ccc2c(c1)c(CC(=O)O)c(C)n2C(=O)c1ccc(Cl)cc1,-4.62
sample_741,CCCCCCCCCCCC(=O)O,-4.62
sample_742,CCCCCCCCCC(=O)OC,-4.63
sample_743,Clc1cc(Cl)c(Cl)c(Cl)c1,-4.63
sample_744,c1cc2c3c(cccc3c1)CC2,-4.63
sample_745,CCCCCc1ccccc1,-4.64
sample_746,CC(C)COC(=O)c1ccccc1C(=O)OCC(C)C,-4.66
sample_747,CCCCCCCCCCCCO,-4.67
sample_748,CCCCCCCCCCCC(=O)OC,-4.69
sample_749,CC(=O)OCCN1CCN(CCCN2c3ccccc3Sc3ccc(Cl)cc32)CC1,-4.7
sample_750,O=C(Nc1ccc([N+](=O)[O-])cc1Cl)c1cc(Cl)ccc1O,-4.7
sample_751,CC(=O)C1(O)CCC2C3CCC4=CC(=O)CCC4(C)C3CCC21C,-4.71
sample_752,CCCCC(=O)OC1(C(=O)CO)C(C)CC2C3CCC4=CC(=O)C=CC4(C)C3(F)C(O)CC21C,-4.71
sample_753,CCCC1CCCC1,-4.74
sample_754,CN1CCCC(CN2c3ccccc3Sc3ccccc32)C1,-4.74
sample_755,Cc1cccc2c(C)cccc12,-4.74
sample_756,CCCCN(C)C(=O)Nc1ccc(Cl)c(Cl)c1,-4.77
sample_757,CCCCCCCI,-4.81
sample_758,Cc1cccc(Oc2cccc(C)c2)c1,-4.85
sample_759,CCN(CC)C(=S)SSC(=S)N(CC)CC,-4.86
sample_760,Clc1cccc(-c2ccccc2)c1,-4.88
sample_761,CC(=O)OC1(C(=O)CO)C(C)CC2C3CCC4=CC(=O)C=CC4(C)C3(F)C(O)CC21C,-4.9
sample_762,c1ccc2c(c1)Cc1ccccc1-2,-4.91
sample_763,Nc1ccc(-c2ccc(N)c(Cl)c2)cc1Cl,-4.92
sample_764,Cc1ccc(C)c2c(C)cccc12,-4.92
sample_765,CC(C)OC(=O)C(O)(c1ccc(Br)cc1)c1ccc(Br)cc1,-4.93
sample_766,CC=C(C(=CC)c1ccc(O)cc1)c1ccc(O)cc1,-4.95
sample_767,CC(=O)OC1(C(C)=O)CCC2C3C=C(Cl)C4=CC(=O)C=CC4(C)C3CCC21C,-4.95
sample_768,c1ccc2c(c1)[nH]c1ccccc12,-4.97
sample_769,Clc1cc(Cl)c2nsnc2c1Cl,-4.98
sample_770,CN(C)CCCN1c2ccccc2Sc2ccc(Cl)cc21,-5.01
sample_771,O=C1C(Cl)=C(NC(=O)C(Cl)Cl)C(=O)c2ccccc21,-5.03
sample_772,Brc1cccc(Br)c1Br,-5.04
sample_773,C=CCCCCCCC,-5.05
sample_774,CCCCCCCCBr,-5.06
sample_775,O=C(O)CCC(=O)c1ccc(-c2ccccc2)cc1,-5.06
sample_776,COc1ccc(Cl)cc1C(=O)NCCc1ccc(S(=O)(=O)NC(=O)NC2CCCCC2)cc1,-5.09
sample_777,CCCCSP(=O)(SCCCC)SCCCC,-5.14
sample_778,CC(CCC(=O)NCC(=O)O)C1CCC2C3C(O)CC4CC(O)CCC4(C)C3CC(O)C12C,-5.15
sample_779,Nc1ccc2cc3ccccc3cc2c1,-5.17
sample_780,ClC1=C(Cl)C(Cl)(Cl)C(Cl)=C1Cl,-5.18
sample_781,COC(C)(C)CCCC(C)CC=CC(C)=CC(=O)OC(C)C,-5.19
sample_782,O=C1c2ccccc2C(=O)c2ccccc21,-5.19
sample_783,Clc1cccc(Cl)c1-c1ccccc1,-5.21
sample_784,NC(Cc1cc(I)c(Oc2ccc(O)c(I)c2)c(I)c1)C(=O)O,-5.22
sample_785,Cc1cccc2c1Cc1ccccc1-2,-5.22
sample_786,CCCCCCCC,-5.24
sample_787,Clc1ccc(-c2ccccc2)c(Cl)c1,-5.25
sample_788,CC(=O)C1(C)CCC2C3C=C(C)C4=CC(=O)CCC4(C)C3CCC21C,-5.27
sample_789,Clc1ccccc1-c1ccccc1Cl,-5.27
sample_790,CC12CCC3C(=CCc4cc(O)ccc43)C1CCC2=O,-5.28
sample_791,Clc1ccc(-c2ccccc2Cl)cc1,-5.28
sample_792,CN(C)CCCN1c2ccccc2Sc2ccc(C(F)(F)F)cc21,-5.3
sample_793,c1ccc2c(c1)Oc1ccccc1O2,-5.31
sample_794,CCCCCCCCCCCCCC(=O)O,-5.33
sample_795,CC(=O)OC1(C(C)=O)CCC2C3C=C(C)C4=CC(=O)CCC4(C)C3CCC21C,-5.35
sample_796,CCC(=O)OC1CCC2C3CCC4=CC(=O)CCC4(C)C3CCC12C,-5.37
sample_797,CCCCCCCCOC(=O)c1ccc(N)cc1,-5.4
sample_798,c1ccc2nc(-c3ccc4ccccc4n3)ccc2c1,-5.4
sample_799,O=C1C2CC=CCC2C(=O)N1SC(Cl)(Cl)C(Cl)Cl,-5.4
sample_800,CC12CCC3C(CCC4CC5SC5CC43C)C1CCC2O,-5.41
sample_801,Clc1c(Cl)c(Cl)c2nccnc2c1Cl,-5.43
sample_802,O=[N+]([O-])c1ccc(Oc2ccc(Cl)cc2Cl)cc1,-5.46
sample_803,CCN(CC)c1c([N+](=O)[O-])cc(C(F)(F)F)c(N)c1[N+](=O)[O-],-5.47
sample_804,Cc1ccc(N=CN(C)C=Nc2ccc(C)cc2C)c(C)c1,-5.47
sample_805,CC(C)(C)CC(=O)OCC(=O)C1(O)CCC2C3CCC4=CC(=O)CCC4(C)C3C(O)CC21C,-5.51
sample_806,CCCCN(CC)c1c([N+](=O)[O-])cc(C(F)(F)F)cc1[N+](=O)[O-],-5.53
sample_807,CCOP(=S)(OCC)SCSP(=S)(OCC)OCC,-5.54
sample_808,COc1ccc2c(c1)c(CC(=O)O)c(C)n2C(=O)C=Cc1ccccc1,-5.54
sample_809,CCCCOC(=O)c1ccccc1C(=O)OCc1ccccc1,-5.64
sample_810,ClC1=C(Cl)C2(Cl)C3CC=CC3C1(Cl)C2(Cl)Cl,-5.64
sample_811,Clc1cc(Cl)c(Cl)c(Cl)c1Cl,-5.65
sample_812,C#CC1(O)CCC2C3CCC4=CC(=O)CCC4(C)C3CCC21C,-5.66
sample_813,CCCCCCCCCCCCCCCCCC(=O)O,-5.68
sample_814,CC(C)Oc1cc(-n2nc(C(C)(C)C)oc2=O)c(Cl)cc1Cl,-5.69
sample_815,CC12CCC3C(CCC4CCCCC43C)C1CCC2=O,-6.7
sample_816,COP(=S)(OC)Oc1cc(Cl)c(Cl)cc1Cl,-5.72
sample_817,O=[N+]([O-])c1c(Cl)c(Cl)c(Cl)c(Cl)c1Cl,-5.82
sample_818,c1ccc2c(c1)-c1cccc3cccc-2c13,-6
sample_819,Clc1cccc(-c2cc(Cl)ccc2Cl)c1,-6.01
sample_820,O=C(NC(=O)c1c(F)cccc1F)Nc1ccc(Cl)cc1,-6.02
sample_821,CCCCCCCCCCCCCCO,-6.05
sample_822,Clc1cc(Cl)c(-c2ccccc2)c(Cl)c1,-6.14
sample_823,c1cc2ccc3cccc4ccc(c1)c2c34,-6.19
sample_824,Nc1cc2c3ccccc3ccc2c2ccccc12,-6.2
sample_825,Clc1ccc(-c2cc(Cl)ccc2Cl)cc1,-6.25
sample_826,Clc1ccc(-c2cccc(Cl)c2Cl)cc1,-6.26
sample_827,Clc1cc(Cl)c(-c2ccccc2)cc1Cl,-6.27
sample_828,ClC1=C(Cl)C2(Cl)C3C4CC(C5OC45)C3C1(Cl)C2(Cl)Cl,-6.29
sample_829,Clc1ccc(-c2ccccc2Cl)cc1Cl,-6.29
sample_830,CCOP(=S)(OCC)SC(CCl)N1C(=O)c2ccccc2C1=O,-6.34
sample_831,c1ccc2cc3ccccc3cc2c1,-6.35
sample_832,ClC(Cl)=C(c1ccc(Cl)cc1)c1ccccc1Cl,-6.36
sample_833,Clc1ccc(-c2ccccc2)cc1Cl,-6.39
sample_834,Clc1ccc(Cl)c(-c2cccc(Cl)c2Cl)c1,-6.47
sample_835,Clc1ccc(C(c2ccccc2Cl)C(Cl)Cl)cc1,-6.51
sample_836,Clc1ccc(-c2ccc(Cl)cc2)cc1,-6.56
sample_837,Clc1ccc(-c2cc(Cl)ccc2Cl)c(Cl)c1,-6.57
sample_838,Cc1c2ccccc2c(C)c2ccccc12,-6.57
sample_839,COP(=S)(OC)Oc1cc(Cl)c(I)cc1Cl,-6.62
sample_840,c1ccc2c(c1)Cc1c-2ccc2ccccc12,-6.68
sample_841,c1ccc2c(c1)c1ccccc1c1ccccc21,-6.74
sample_842,Clc1ccc(Cl)c(-c2c(Cl)cccc2Cl)c1,-6.8
sample_843,CCc1ccc2cc3ccccc3cc2c1,-6.89
sample_844,ClC(Cl)=C(c1ccc(Cl)cc1)c1ccc(Cl)cc1,-6.9
sample_845,Cc1ccc2cc3ccccc3cc2c1,-6.96
sample_846,Cc1c2ccccc2c(C)c2c1ccc1ccccc12,-7.02
sample_847,c1ccc(-c2ccc(-c3ccccc3)cc2)cc1,-7.11
sample_848,Clc1ccc(C(c2ccc(Cl)cc2)C(Cl)Cl)cc1,-7.2
sample_849,Clc1ccccc1-c1cc(Cl)c(Cl)c(Cl)c1Cl,-7.21
sample_850,Clc1ccc(Cl)c(-c2ccc(Cl)c(Cl)c2)c1,-7.25
sample_851,Clc1cccc(-c2cccc(Cl)c2Cl)c1Cl,-7.28
sample_852,CC1CCC2(OC1)OC1CC3C4CC=C5CC(O)CCC5(C)C4CCC3(C)C1C2C,-7.32
sample_853,Clc1cc(Cl)c(-c2c(Cl)cccc2Cl)c(Cl)c1,-7.32
sample_854,Clc1ccc(-c2cc(Cl)c(Cl)cc2Cl)cc1Cl,-7.39
sample_855,Clc1cccc(Cl)c1-c1c(Cl)cccc1Cl,-7.39
sample_856,c1ccc2c(c1)ccc1c3ccc4ccccc4c3[nH]c21,-7.42
sample_857,Clc1ccc(Cl)c(-c2c(Cl)c(Cl)cc(Cl)c2Cl)c1,-7.42
sample_858,Clc1ccccc1-c1c(Cl)cc(Cl)c(Cl)c1Cl,-7.43
sample_859,Clc1ccc(-c2c(Cl)cc(Cl)c(Cl)c2Cl)cc1Cl,-7.66
sample_860,Clc1ccc(Cl)c(-c2cc(Cl)c(Cl)c(Cl)c2Cl)c1,-7.68
sample_861,Clc1ccc(-c2ccc(Cl)c(Cl)c2)c(Cl)c1,-7.8
sample_862,Clc1ccc(-c2cc(Cl)c(Cl)c(Cl)c2Cl)cc1Cl,-7.82
sample_863,Clc1c(Cl)c(Cl)c(-c2ccccc2)c(Cl)c1Cl,-7.92
sample_864,Clc1cc(Cl)c(-c2c(Cl)cc(Cl)c(Cl)c2Cl)cc1Cl,-7.92
sample_865,Cc1ccc2cc3c(ccc4ccccc43)c3c2c1CC3,-7.92
sample_866,c1ccc2c3c(ccc2c1)-c1cccc2cccc-3c12,-8
sample_867,Clc1ccc(-c2ccc(Cl)c(Cl)c2Cl)c(Cl)c1Cl,-8.01
sample_868,c1ccc2c(c1)cc1ccc3cccc4ccc2c1c34,-8.19
sample_869,c1ccc2c(c1)-c1cccc3c1c-2cc1ccccc13,-8.23
sample_870,FC(F)(F)c1cccc(C(c2ccccc2)(c2ccccc2)n2cncn2)c1,-8.4
sample_871,Clc1cc(Cl)c(-c2cc(Cl)c(Cl)cc2Cl)cc1Cl,-8.56
sample_872,Clc1cccc(-c2c(Cl)c(Cl)cc(Cl)c2Cl)c1Cl,-8.6
sample_873,Clc1cc(Cl)c(-c2c(Cl)cc(Cl)cc2Cl)c(Cl)c1,-8.71
sample_874,c1cc2cccc3c4cccc5cccc(c(c1)c23)c54,-8.8
sample_875,Clc1ccc(Cl)c(-c2c(Cl)c(Cl)c(Cl)c(Cl)c2Cl)c1,-8.94
sample_876,Clc1cc(Cl)c(Cl)c(-c2c(Cl)c(Cl)cc(Cl)c2Cl)c1Cl,-9.15
sample_877,Clc1cc(-c2cc(Cl)c(Cl)c(Cl)c2Cl)c(Cl)c(Cl)c1Cl,-9.16
sample_878,Clc1c(Cl)c(Cl)c(-c2c(Cl)c(Cl)c(Cl)c(Cl)c2Cl)c(Cl)c1Cl,-11.62
sample_879,CNC(N)=O,1.13
sample_880,O=C1CCCO1,1.07
sample_881,O=C1CCCN1,1.07
sample_882,C1COCCN1,1.06
sample_883,OC1CCOC1,1.05
sample_884,CN1CCCC1=O,1
sample_885,OCc1cccnc1,0.96
sample_886,NC(N)=O,0.96
sample_887,C=CC(N)=O,0.96
sample_888,CN(C)C(=O)N(C)C,0.94
sample_889,CN(C)C,0.84
sample_890,CN1CCCC1c1cccnc1,0.79
sample_891,OCC1OC(O)C(O)C(O)C1O,0.74
sample_892,OCC(O)C(O)CO,0.7
sample_893,COC(C)=O,0.52
sample_894,O=C(O)CC(O)(CC(=O)O)C(=O)O,0.51
sample_895,CCOP(=O)(OCC)OCC,0.43
sample_896,CCC(C)O,0.43
sample_897,O=C(O)C(=O)O,0.38
sample_898,Cc1cncc(C)c1,0.38
sample_899,Cc1ccncc1C,0.36
sample_900,NC(N)=S,0.32
sample_901,CC(O)C(F)(F)F,0.3
sample_902,Cc1cnc2cncnc2n1,0.06
sample_903,C=C(C)C(=O)O,0.01
sample_904,CCCCO,0
sample_905,NC(=O)CCl,-0.02
sample_906,CCOC(C)=O,-0.04
sample_907,COC(C)C,-0.06
sample_908,OC(CCl)CCl,-0.11
sample_909,CCC(=O)OC,-0.14
sample_910,Oc1ccc(O)cc1,-0.17
sample_911,COP(=O)(OC)C(O)C(Cl)(Cl)Cl,-0.22
sample_912,COC(C)(C)C,-0.24
sample_913,NC(=O)OCc1ccccc1,-0.35
sample_914,Nc1nccs1,-0.36
sample_915,O=C1CNC(=O)N1,-0.4
sample_916,O=C1NC(=O)C(=O)N1,-0.4
sample_917,CC(C)(C)CO,-0.4
sample_918,Nc1ccc(C(=O)O)cc1,-0.4
sample_919,Nc1ccccc1,-0.41
sample_920,CC(C)C(C)(C)O,-0.41
sample_921,CCCCOCCO,-0.42
sample_922,CCOC(C)OCC,-0.43
sample_923,O=C(O)CCI,-0.43
sample_924,CCCNCCC,-0.46
sample_925,CCC(C)CO,-0.47
sample_926,O=C(O)c1ccco1,-0.48
sample_927,CCCC(C)(C)O,-0.49
sample_928,CC(C)CCO,-0.52
sample_929,CC(=O)OC(C)C,-0.55
sample_930,CCOC(C)C,-0.55
sample_931,CCS,-0.6
sample_932,CCCCCO,-0.6
sample_933,CC(C)[N+](=O)[O-],-0.62
sample_934,Cc1c(N)c(=O)n(-c2ccccc2)n1C,-0.62
sample_935,Cc1ccccc1O,-0.62
sample_936,S=C1NCCN1,-0.71
sample_937,OCCc1ccccc1,-0.74
sample_938,CCC[N+](=O)[O-],-0.8
sample_939,CC(C)CC(C)O,-0.8
sample_940,CCCCC(C)=O,-0.8
sample_941,CCC(CC)C(=O)O,-0.81
sample_942,O=C(O)CCCCC(=O)O,-0.82
sample_943,O=C1CNC(=O)CN1,-0.83
sample_944,CN(C)C(=O)OC1=CC(=O)CC(C)(C)C1,-0.85
sample_945,Cc1ccccc1N,-0.85
sample_946,CCC(C)(O)C(C)C,-0.85
sample_947,CCC(C)C(C)(C)O,-0.89
sample_948,CCCCC(C)O,-0.89
sample_949,NC(=O)c1cnccn1,-0.91
sample_950,O=C(O)C(CO)c1ccccc1,-0.93
sample_951,CC1CCCCC1=O,-0.94
sample_952,NC(=O)NCc1ccccc1,-0.95
sample_953,CC(=O)N(C)c1ccccc1,-0.95
sample_954,CCN(N=O)C(N)=O,-0.96
sample_955,N#Cc1ccccc1,-1
sample_956,O=[N+]([O-])c1cccc(O)c1,-1.01
sample_957,CCC(C)(C)CO,-1.04
sample_958,ClCCCl,-1.06
sample_959,CC1=CC(=O)CC(C)(C)C1,-1.06
sample_960,Oc1ccccc1Cl,-1.06
sample_961,CCCCCC(=O)O,-1.06
sample_962,CCCCCCN,-1.1
sample_963,CCCC(C)CO,-1.11
sample_964,ClCCOCCCl,-1.12
sample_965,CCC(O)C(C)(C)C,-1.15
sample_966,O=C(O)c1cc(O)c(O)c(O)c1,-1.16
sample_967,BrCBr,-1.17
sample_968,Cc1cc(O)c2ccccc2n1,-1.2
sample_969,Cc1ccc(N)cc1,-1.21
sample_970,OCC1OC(n2cnc3c(O)ncnc32)C(O)C1O,-1.23
sample_971,COC(=O)c1cc(O)c(O)c(O)c1,-1.24
sample_972,Cc1ncc([N+](=O)[O-])n1CCO,-1.26
sample_973,Cc1cc(=O)[nH]c(=O)[nH]1,-1.26
sample_974,Cc1cc(N)nc(C)n1,-1.28
sample_975,CNc1ccccc1,-1.28
sample_976,CCCC(=O)CCC,-1.3
sample_977,ClC=CCl,-1.3
sample_978,Cc1cccc(C)c1O,-1.31
sample_979,BrC=CBr,-1.32
sample_980,CCCOC(C)C,-1.34
sample_981,CNC(=NC#N)NCCSCc1nc[nH]c1C,-1.35
sample_982,C=CCCl,-1.36
sample_983,Nc1ccc(S(N)(=O)=O)cc1,-1.36
sample_984,O=C1OC(=O)c2ccccc21,-1.39
sample_985,Cc1ccc(O)cc1C,-1.41
sample_986,CC(C)Cl,-1.41
sample_987,O=C(O)c1ccc(O)cc1,-1.41
sample_988,CC1(C(=O)O)CCC(C(=O)O)C1(C)C,-1.42
sample_989,CN(C)C1C(O)=C(C(=O)NCN2CCCC2)C(=O)C2(O)C(O)=C3C(=O)c4c(O)cccc4C(C)(O)C3CC12,-1.42
sample_990,CC(=O)CC(C)C,-1.42
sample_991,O=C(O)C1CCCCC1,-1.45
sample_992,CCNC(=S)NCC,-1.46
sample_993,CCCCCOC(N)=O,-1.47
sample_994,Nc1cccc(C(F)(F)F)c1,-1.47
sample_995,CCCCC(O)CC,-1.47
sample_996,O=c1cc[nH]c(=O)[nH]1,-1.48
sample_997,C=CCBr,-1.5
sample_998,c1ccc2scnc2c1,-1.5
sample_999,CCCC1CCCCN1,-1.5
sample_1000,Nc1ccccc1Cl,-1.52
sample_1001,Cc1c[nH]c(=O)[nH]c1=O,-1.52
sample_1002,ClC(Cl)Br,-1.54
sample_1003,NS(=O)(=O)c1ccccc1,-1.56
sample_1004,CC(C)Br,-1.59
sample_1005,NC(=O)NC1NC(=O)NC1=O,-1.6
sample_1006,CCI,-1.6
sample_1007,CCCCC(C)(O)CC,-1.6
sample_1008,NC(Cc1ccc(O)c(O)c1)C(=O)O,-1.6
sample_1009,CC(=O)c1ccc(N)cc1,-1.61
sample_1010,CC(=O)CC(=O)C(C)(C)C,-1.63
sample_1011,C#CCCC,-1.64
sample_1012,COC(=O)NS(=O)(=O)c1ccc(N)cc1,-1.66
sample_1013,COC(=O)c1ccccc1C(=O)OC,-1.66
sample_1014,O=C(O)CNC(=O)c1ccccc1,-1.68
sample_1015,CCCCC(CC)CN,-1.71
sample_1016,CCNC(=O)C(C)OC(=O)Nc1ccccc1,-1.83
sample_1017,OCC(O)C1OC2OC(C(Cl)(Cl)Cl)OC2C1O,-1.84
sample_1018,CCCCCCCN,-1.85
sample_1019,COC(=O)c1ccccc1,-1.85
sample_1020,CC12CCC(C1)C(C)(C)C2=O,-1.85
sample_1021,ClCCCBr,-1.85
sample_1022,C=CC=C,-1.87
sample_1023,O=c1ccc2ccccc2o1,-1.89
sample_1024,O=C(O)c1ccccc1Cl,-1.89
sample_1025,CC(=O)Nc1ccccc1[N+](=O)[O-],-1.91
sample_1026,ClCC(Cl)CCl,-1.92
sample_1027,Nc1cccc2ccccc12,-1.92
sample_1028,Cc1cc(C)c2ccccc2n1,-1.94
sample_1029,Nc1ncnc2c1ccn2C1OC(CO)C(O)C1O,-1.95
sample_1030,Cc1nc2ccccc2[nH]1,-1.96
sample_1031,COc1ccccc1O,-1.96
sample_1032,ClC=C(Cl)Cl,-1.96
sample_1033,Fc1ccc(F)cc1,-1.97
sample_1034,C=CC(C)(O)CCC=C(C)C,-1.99
sample_1035,N=C(N)NS(=O)(=O)c1ccc(N)cc1,-1.99
sample_1036,CC12CCC(CC1=O)C2(C)C,-1.99
sample_1037,CCCCCC(=O)OC,-2
sample_1038,CC(C)CCl,-2
sample_1039,Fc1cccc(F)c1,-2
sample_1040,C=CC(=C)C,-2.03
sample_1041,COc1cc(C(=O)O)ccc1O,-2.05
sample_1042,CC(C)=CCCC(C)=CC=O,-2.06
sample_1043,C=CCC1(CC=C)C(=O)NC(=O)NC1=O,-2.06
sample_1044,Cc1cccc2sc3nncn3c12,-2.07
sample_1045,BrCCCBr,-2.08
sample_1046,CNC(=O)ON=C1C(Cl)C2CC(C#N)C1C2,-2.08
sample_1047,CCSCc1ccccc1OC(=O)NC,-2.09
sample_1048,COCCOc1c(OC)cc(Cc2cnc(N)nc2N)cc1OC,-2.1
sample_1049,C1=CCCC1,-2.1
sample_1050,O=C(NC(CO)C(O)c1ccc([N+](=O)[O-])cc1)C(Cl)Cl,-2.11
sample_1051,CCCc1cc(=O)[nH]c(=S)[nH]1,-2.15
sample_1052,CC(Br)CBr,-2.15
sample_1053,c1ccc2[nH]ncc2c1,-2.16
sample_1054,C=C(C)C1CCC(C)C(=O)C1,-2.18
sample_1055,CCCCS,-2.18
sample_1056,Oc1cc(Cl)c(Cl)cc1Cl,-2.21
sample_1057,O=C1NC(=O)C(O)(C2(O)C(=O)NC(=O)NC2=O)C(=O)N1,-1.99
sample_1058,COC(=O)C1C(OC(=O)c2ccccc2)CC2CCC1N2C,-2.23
sample_1059,O=C(NC(=O)c1ccccc1)c1ccccc1,-2.27
sample_1060,Cc1cc(C)nc(NS(=O)(=O)c2ccc(N)cc2)n1,-2.27
sample_1061,CCCN(CCC)CCC,-2.28
sample_1062,O=C(O)c1ccccc1-c1ccccc1C(=O)O,-2.28
sample_1063,O=C(O)COc1ccc(Cl)cc1,-2.29
sample_1064,O=c1[nH]cnc2nc[nH]c12,-2.29
sample_1065,BrC1CCCCC1,-2.3
sample_1066,Nc1ccc(Cc2ccc(N)cc2)cc1,-2.3
sample_1067,CCCCCC(=O)OCC,-2.31
sample_1068,Cc1ccccc1[N+](=O)[O-],-2.33
sample_1069,CCOc1ccccc1,-2.33
sample_1070,CNC(=O)Oc1cccc(N=CN(C)C)c1,-2.34
sample_1071,CNC(=O)Oc1ccc(N(C)C)c(C)c1,-2.36
sample_1072,CC(=O)Nc1nnc(S(N)(=O)=O)s1,-2.36
sample_1073,Nc1ccc([N+](=O)[O-])cc1,-2.37
sample_1074,Fc1cc(F)c(F)cc1F,-2.38
sample_1075,Cc1ccsc1,-2.39
sample_1076,CCCCCCCCO,-2.39
sample_1077,COc1c2occc2c(OC)c2c(=O)cc(C)oc12,-2.4
sample_1078,CC(C)(C)c1ccc(O)cc1,-2.41
sample_1079,Oc1cccc2cccnc12,-2.42
sample_1080,CCCCCCOC(C)=O,-2.46
sample_1081,CC1CCC(C(C)C)C(=O)C1,-2.49
sample_1082,Cc1ccc([N+](=O)[O-])cc1,-2.49
sample_1083,CCC(C)(C)Cl,-2.51
sample_1084,OC(Cc1ccccc1)c1ccccc1,-2.52
sample_1085,CC1CCC(C(C)C)C(O)C1,-2.53
sample_1086,ClC(Cl)=C(Cl)Cl,-2.54
sample_1087,Brc1ccccc1,-2.55
sample_1088,OC(c1ccccc1)c1ccccc1,-2.55
sample_1089,CON(C)C(=O)Nc1ccc(Cl)cc1,-2.57
sample_1090,CCC(N)Cc1c[nH]c2ccccc12,-2.57
sample_1091,NC(Cc1ccc(O)cc1)C(=O)O,-2.57
sample_1092,CCCCCCc1ccc(O)cc1O,-2.59
sample_1093,CCCCC(=O)CCCC,-2.59
sample_1094,CC1(C)C(=O)N(Cl)C(=O)N1Cl,-2.6
sample_1095,Cc1ccc(C(=O)O)cc1,-2.6
sample_1096,O=C1NC(=O)c2ccccc21,-2.61
sample_1097,CCC1CN2CCC1CC2C(O)c1ccnc2ccccc12,-2.63
sample_1098,CCC(Cl)CC,-2.63
sample_1099,CCC1(C2=CC3CCC(C2)C3)C(=O)NC(=O)NC1=O,-2.64
sample_1100,CCC1(c2ccccc2)C(=O)NCNC1=O,-2.64
sample_1101,CCCOC(=O)c1ccccc1,-2.67
sample_1102,NS(=O)(=O)c1cc2c(cc1Cl)NC(C(Cl)Cl)NS2(=O)=O,-2.68
sample_1103,CCC(Br)(CC)C(=O)NC(N)=O,-2.68
sample_1104,O=C1C=C2CC3(O)COc4c(ccc(O)c4O)C3=C2C=C1O,-2.7
sample_1105,Nc1ccc(S(=O)(=O)Nc2ccccn2)cc1,-2.7
sample_1106,S=c1cnc2cncnc2[nH]1,-2.71
sample_1107,CCCCCCCCN,-2.75
sample_1108,CCc1ccccc1,-2.77
sample_1109,Cc1ccc(C)cc1,-2.77
sample_1110,O=C1c2ccccc2C(=O)c2c1ccc(O)c2O,-2.78
sample_1111,Ic1ccccc1,-2.78
sample_1112,O=C(O)c1ccc([N+](=O)[O-])cc1,-2.8
sample_1113,Cc1cnc(NS(=O)(=O)c2ccc(N)cc2)nc1,-2.82
sample_1114,CC(C)(c1ccc(O)cc1)c1ccc(O)cc1,-2.82
sample_1115,C=Cc1ccccc1,-2.82
sample_1116,O=C(c1ccccc1)C(O)c1ccccc1,-2.85
sample_1117,Cc1cc(Cl)ccc1N=CN(C)C,-2.86
sample_1118,CNc1ccccc1C(=O)O,-2.88
sample_1119,c1ccc(NNc2ccccc2)cc1,-2.92
sample_1120,O=C(O)COc1cc(Cl)c(Cl)cc1Cl,-2.96
sample_1121,CC12CCC(=O)C=C1CCC1C2C(O)CC2(C)C1CCC2(O)C(=O)CO,-2.97
sample_1122,CCn1cc(C(=O)O)c(=O)c2cnc(N3CCNCC3)nc21,-2.98
sample_1123,CC1CC2C(C(O)CC3(C)C2CCC3(O)C(=O)CO)C2(C)C=CC(=O)C=C12,-2.99
sample_1124,CCCNC(=O)NS(=O)(=O)c1ccc(Cl)cc1,-3.03
sample_1125,CC1=CC(=O)c2ccccc2C1=O,-3.03
sample_1126,FC(F)(Cl)C(F)(Cl)Cl,-3.04
sample_1127,Clc1cccc(Cl)c1,-3.04
sample_1128,c1ccc2c(c1)CCC2,-3.04
sample_1129,CC(=O)Nc1ccc(Br)cc1,-3.08
sample_1130,Cc1ccc(Cl)cc1,-3.08
sample_1131,O=C(O)Cc1c(Cl)ccc(Cl)c1Cl,-3.08
sample_1132,C1CCCCC1,-3.1
sample_1133,O=C(c1ccccc1)c1ccccc1,-3.12
sample_1134,Nc1cnn(-c2ccccc2)c(=O)c1Br,-3.12
sample_1135,CC(C)CCOC(=O)c1ccccc1O,-3.16
sample_1136,CCCCCCCCC=O,-3.17
sample_1137,Cc1ccc(Br)cc1,-3.19
sample_1138,Clc1ccccc1Br,-3.19
sample_1139,CC1CC=CC=CC=CC=CC(OC2OC(C)C(O)C(N)C2O)CC2OC(O)(CC(O)CC3OC3C=CC(=O)O1)CC(O)C2C(=O)O,-3.21
sample_1140,CC12C=CC(=O)C=C1CCC1C2C(O)CC2(C)C1CCC2(O)C(=O)CO,-3.21
sample_1141,O=C1NCCN1c1ncc([N+](=O)[O-])s1,-3.22
sample_1142,C=CCC(C)C,-3.24
sample_1143,Clc1ccc(Cl)cc1,-3.27
sample_1144,CC(=O)CCC1C(=O)N(c2ccccc2)N(c2ccccc2)C1=O,-3.27
sample_1145,CN1CCC23c4c5ccc(O)c4OC2C(O)C=CC3C1C5,-3.28
sample_1146,CCC1NC(=O)c2cc(S(N)(=O)=O)c(Cl)cc2N1,-3.29
sample_1147,CCCCCCCCOC(N)=O,-3.3
sample_1148,CCCCN(CC)C(=O)SCCC,-3.35
sample_1149,CCC(C)c1cc([N+](=O)[O-])cc([N+](=O)[O-])c1O,-3.38
sample_1150,CC(C)OC(=O)Nc1cccc(Cl)c1,-3.38
sample_1151,CCCCCCCC(=O)OCC,-3.39
sample_1152,CCSC(=O)N(CC)C1CCCCC1,-3.4
sample_1153,O=C(C=CC=Cc1ccc2c(c1)OCO2)N1CCCCC1,-3.46
sample_1154,Ic1[nH]c(I)c(I)c1I,-3.46
sample_1155,Brc1cccc(Br)c1,-3.54
sample_1156,CC(C)c1ccc(NC(=O)N(C)C)cc1,-3.54
sample_1157,CCCCCCCCCCC(=O)O,-3.55
sample_1158,CC12CC(O)C3C(CCC4CC(O)CCC43C)C1CCC2=O,-3.59
sample_1159,O=C1CC(c2ccc(O)c(O)c2)Oc2cc(O)cc(O)c21,-3.62
sample_1160,COc1c2occc2cc2ccc(=O)oc12,-3.66
sample_1161,CCOC(=O)C(c1c(O)c2ccccc2oc1=O)c1c(O)c2ccccc2oc1=O,-3.66
sample_1162,NS(=O)(=O)c1cc(C(=O)O)c(NCc2ccco2)cc1Cl,-3.66
sample_1163,CC(C)(C)c1ccccc1,-3.66
sample_1164,c1ccc2nc3ccccc3cc2c1,-3.67
sample_1165,CCC(C)CC,-3.68
sample_1166,CCSC(=O)N(CC(C)C)CC(C)C,-3.68
sample_1167,COP(=S)(OC)Oc1ccc([N+](=O)[O-])cc1,-3.68
sample_1168,Cc1ccc2nc(-c3ccc(N)cc3)sc2c1,-3.68
sample_1169,CCCCOc1cc(C(=O)NCCN(CC)CC)c2ccccc2n1,-3.7
sample_1170,Cc1cccc2ccccc12,-3.7
sample_1171,CC(C)(C)c1nnc(NS(=O)(=O)c2ccc(N)cc2)s1,-3.74
sample_1172,CC12CCC(=O)C=C1CCC1C2CCC2(C)C(C(=O)CO)CCC12,-3.75
sample_1173,Clc1cccc(C(Cl)(Cl)Cl)n1,-3.76
sample_1174,Cc1ccc(C(C)C)cc1,-3.77
sample_1175,CC1CC2C3CCC4=CC(=O)C=CC4(C)C3(F)C(O)CC2(C)C1(O)C(=O)CO,-3.77
sample_1176,Cc1cccc(Nc2ccccc2C(=O)O)c1C,-3.78
sample_1177,O=C1CN=C(c2ccccc2)c2cc([N+](=O)[O-])ccc2N1,-3.8
sample_1178,CCCCCCCCC(=O)OCC,-3.8
sample_1179,CC(C)C1=CC2=CCC3C(C)(C(=O)O)CCCC3(C)C2CC1,-3.8
sample_1180,Cc1cc(S(=O)(=O)c2ccccc2)ccc1NS(=O)(=O)C(F)(F)F,-3.8
sample_1181,CC=CCCCC,-3.82
sample_1182,CCCCCC,-3.84
sample_1183,CC12CCC(=O)C=C1CCC1C2C2CC3(C(O)O2)C(C(=O)CO)CCC13,-3.85
sample_1184,CC1CCCCC1,-3.85
sample_1185,COC(=O)Nc1nc2ccc(C(=O)c3ccccc3)cc2[nH]1,-3.88
sample_1186,CC(=O)CC(c1ccccc1)c1c(O)c2ccccc2oc1=O,-3.89
sample_1187,CN(C)C(=S)SSC(=S)N(C)C,-3.9
sample_1188,C#CC(C)N(C)C(=O)Nc1ccc(Cl)cc1,-3.9
sample_1189,CN1c2ccccc2Sc2ccc(CC(=O)O)cc21,-3.94
sample_1190,CC(CCC(=O)O)C1CCC2C3CCC4CC(O)CCC4(C)C3CC(O)C12C,-3.95
sample_1191,c1ccc(Oc2ccccc2)cc1,-3.96
sample_1192,CCCCCCCCl,-3.99
sample_1193,CC12CCC(=O)C=C1CCC1C2CCC2(C)C1CCC2(C)O,-3.99
sample_1194,Cc1cc(C)c(C)c(C)c1C,-4
sample_1195,CC(=O)OCC(=O)C1(O)CCC2C3CCC4=CC(=O)CCC4(C)C3C(=O)CC21C,-4
sample_1196,Clc1cccc(Cl)c1Cl,-4
sample_1197,COP(=S)(OC)Oc1ccc([N+](=O)[O-])c(C)c1,-4.04
sample_1198,CCCCc1ccccc1,-4.06
sample_1199,Brc1ccc(Br)cc1,-4.07
sample_1200,CSc1nc(NC(C)C)nc(NC(C)C)n1,-4.1
sample_1201,CCOP(=S)(OCC)SCSCC,-4.11
sample_1202,COc1ccc2c(c1OC)C(=O)OC2C1c2cc3c(cc2CCN1C)OCO3,-4.11
sample_1203,CC(=O)OCC(=O)C1(O)C(OC(C)=O)CC2C3CCC4=CC(=O)C=CC4(C)C3(F)C(O)CC21C,-4.13
sample_1204,C1CCCCCCC1,-4.15
sample_1205,CN1C(C(=O)Nc2ccccn2)=C(O)c2ccccc2S1(=O)=O,-4.16
sample_1206,O=C(O)c1cccnc1Nc1cccc(C(F)(F)F)c1,-4.17
sample_1207,ClC(Cl)=CC(Cl)=C(Cl)Cl,-4.23
sample_1208,CC(CN1c2ccccc2Sc2ccccc21)N(C)C,-4.26
sample_1209,CC(=O)SC1CC2=CC(=O)CCC2(C)C2CCC3(C)C(CCC34CCC(=O)O4)C12,-4.28
sample_1210,Oc1c(Cl)c(Cl)c(Cl)c(Cl)c1Cl,-4.28
sample_1211,CC(CCC(=O)O)C1CCC2C3C(O)CC4CC(O)CCC4(C)C3CCC12C,-4.29
sample_1212,CCc1ccc2ccccc2c1,-4.29
sample_1213,C#CC1(O)CCC2C3CCc4cc(O)ccc4C3CCC21C,-4.3
sample_1214,CN(C)CCCN1c2ccccc2Sc2ccccc21,-4.3
sample_1215,COP(=S)(OC)Oc1ccc([N+](=O)[O-])cc1Cl,-4.31
sample_1216,CC1(C)OC2CC3C4CCC5=CC(=O)C=CC5(C)C4(F)C(O)CC3(C)C2(C(=O)CO)O1,-4.32
sample_1217,c1ccc2c(c1)sc1ccccc12,-4.38
sample_1218,OC(c1ccc(Cl)cc1)(c1cncnc1)c1ccccc1Cl,-4.38
sample_1219,C=C(C)C1Cc2c(ccc3c2OC2COc4cc(OC)c(OC)cc4C2C3=O)O1,-4.42
sample_1220,CCC(c1ccc(O)cc1)C(CC)c1ccc(O)cc1,-4.43
sample_1221,O=C(CCCN1CCC(O)(c2ccc(Cl)cc2)CC1)c1ccc(F)cc1,-4.43
sample_1222,CCCCCCCBr,-4.43
sample_1223,CN(C)CCC=C1c2ccccc2CCc2ccccc21,-4.46
sample_1224,CC(=O)Oc1c(C(C)(C)C)cc([N+](=O)[O-])c(C)c1[N+](=O)[O-],-4.47
sample_1225,Clc1cc(Cl)cc(Cl)c1,-4.48
sample_1226,CC1CCC(C)(C)C1,-4.48
sample_1227,CN1CCN(CCCN2c3ccccc3Sc3ccc(C(F)(F)F)cc32)CC1,-4.52
sample_1228,CC(C)OC(=O)C(O)(c1ccc(Cl)cc1)c1ccc(Cl)cc1,-4.53
sample_1229,COP(=S)(OC)Oc1ccc(SC)c(C)c1,-4.57
sample_1230,CC(C)(C)C(=O)OCC(=O)C1(O)CCC2C3CCC4=CC(=O)C=CC4(C)C3C(O)CC21C,-4.58
sample_1231,O=c1oc(-c2ccccc2)nc2ccccc12,-4.61
sample_1232,c1ccc(CCc2ccccc2)cc1,-4.62
sample_1233,CC(=O)OCC(=O)C1CCC2C3CCC4=CC(=O)CCC4(C)C3CCC12C,-4.63
sample_1234,CC(=O)C1CCC2C3CC=C4CC(O)CCC4(C)C3CCC12C,-4.65
sample_1235,Cc1cc2ccccc2cc1C,-4.72
sample_1236,Oc1c2ccccc2cc2ccccc12,-4.73
sample_1237,C#CC1(OC(C)=O)CCC2C3CCC4=CC(=O)CCC4C3CCC21C,-4.79
sample_1238,COP(=S)(OC)Oc1nc(Cl)c(Cl)cc1Cl,-4.82
sample_1239,CC12CCC3c4ccc(O)cc4CCC3C1CCC2O,-4.84
sample_1240,CC(C)N(C(=O)SCC(Cl)=C(Cl)Cl)C(C)C,-4.88
sample_1241,CN(C)C(=O)Nc1ccc(Oc2ccc(Cl)cc2)cc1,-4.89
sample_1242,Cc1ccc2cc(C)ccc2c1,-4.89
sample_1243,ClC(Cl)=C(Cl)C(Cl)=C(Cl)Cl,-4.91
sample_1244,CCCN(CCC)c1c([N+](=O)[O-])cc(S(N)(=O)=O)cc1[N+](=O)[O-],-5.16
sample_1245,Clc1ccc(-c2ccccc2)cc1,-5.2
sample_1246,CCCCCCc1ccccc1,-5.21
sample_1247,CC12CCc3c(ccc4cc(O)ccc34)C1CCC2=O,-5.24
sample_1248,CC(C)=CC1C(C(=O)OCc2cccc(Oc3ccccc3)c2)C1(C)C,-5.24
sample_1249,c1ccc2c(c1)ccc1ccccc12,-5.26
sample_1250,CCOP(=S)(OCC)Oc1ccc2c(C)c(Cl)c(=O)oc2c1,-5.38
sample_1251,OC1C=CC2C1C1(Cl)C(Cl)=C(Cl)C2(Cl)C1(Cl)Cl,-5.46
sample_1252,N#Cc1c(Cl)c(Cl)c(Cl)c(C#N)c1Cl,-5.64
sample_1253,CCCN(CCC)c1c([N+](=O)[O-])cc(C(F)(F)F)cc1[N+](=O)[O-],-5.68
sample_1254,CCOP(=S)(OCC)SCSc1ccc(Cl)cc1,-5.74
sample_1255,Clc1cccc(-c2cccc(Cl)c2)c1,-5.8
sample_1256,Cc1c2ccccc2cc2ccccc12,-5.89
sample_1257,c1cc2c3c(ccc4c3c1CCC4)CCC2,-5.96
sample_1258,Clc1ccc(Cl)c(-c2ccccc2Cl)c1,-6.02
sample_1259,COP(=S)(OC)Oc1cc(Cl)c(Br)cc1Cl,-6.09
sample_1260,ClC1=C(Cl)C2(Cl)C3C4CC(C5OC45)C3C1(Cl)C2(Cl)Cl,-6.18
sample_1261,Clc1ccc(-c2ccc(Cl)cc2Cl)cc1,-6.21
sample_1262,ClC1=C(Cl)C2(Cl)C3C4OC4C(Cl)C3C1(Cl)C2(Cl)Cl,-6.29
sample_1263,CC1(C)C(C=C(Cl)Cl)C1C(=O)OCc1cccc(Oc2ccccc2)c1,-6.29
sample_1264,Clc1ccc(Cl)c(-c2ccccc2)c1Cl,-6.29
sample_1265,ClC1=C(Cl)C2(Cl)C3C(Cl)C=CC3C1(Cl)C2(Cl)Cl,-6.32
sample_1266,Clc1ccc(-c2ccc(Cl)cc2Cl)c(Cl)c1,-6.51
sample_1267,Clc1ccc(C(c2ccccc2Cl)C(Cl)(Cl)Cl)cc1,-6.62
sample_1268,Cc1cc(O)ccc1OP(=O)(Oc1cc(O)ccc1C)Oc1c(C)cccc1O,-6.7
sample_1269,CCCCCCCCCCCCCCCC(=O)O,-6.81
sample_1270,COc1ccc(C(c2ccc(OC)cc2)C(Cl)(Cl)Cl)cc1,-6.89
sample_1271,CCCCC(CC)COC(=O)c1ccccc1C(=O)OCC(CC)CCCC,-6.96
sample_1272,Clc1ccc(Cl)c(-c2cc(Cl)ccc2Cl)c1,-7
sample_1273,Clc1cccc(-c2ccc(Cl)c(Cl)c2Cl)c1Cl,-7.05
sample_1274,Clc1cc(-c2ccccc2)c(Cl)c(Cl)c1Cl,-7.16
sample_1275,CCCCCCCCCCCCCCCCO,-7.26
sample_1276,ClC1=C(Cl)C2(Cl)C3C4C=CC(C4)C3C1(Cl)C2(Cl)Cl,-7.33
sample_1277,c1ccc2c(c1)c1cccc3ccc4cccc2c4c31,-7.8
sample_1278,Clc1ccc(Cl)c(-c2ccc(Cl)c(Cl)c2Cl)c1,-7.91
sample_1279,c1ccc2c(c1)Cc1cc3ccccc3cc1-2,-8.04
sample_1280,c1ccc2c(c1)ccc1c3ccccc3ccc21,-8.06
sample_1281,Clc1ccc(-c2c(Cl)cc(Cl)c(Cl)c2Cl)c(Cl)c1Cl,-8.3
sample_1282,Clc1cc(Cl)c(-c2ccc(Cl)c(Cl)c2Cl)cc1Cl,-8.32
sample_1283,Clc1cccc(-c2cc(Cl)c(Cl)c(Cl)c2Cl)c1Cl,-8.42
sample_1284,c1ccc2cc3c(cc2c1)-c1cccc2cccc-3c12,-8.49
sample_1285,c1ccc2cc3cc4ccccc4cc3cc2c1,-8.6
sample_1286,Clc1ccc(Cl)c(-c2c(Cl)ccc(Cl)c2Cl)c1Cl,-8.65
sample_1287,c1ccc2c(c1)ccc1cc3c(ccc4ccccc43)cc12,-8.66
sample_1288,c1cc2ccc3ccc4ccc5cccc6c(c1)c2c3c4c56,-9.03
sample_1289,Clc1cc(-c2c(Cl)c(Cl)c(Cl)c(Cl)c2Cl)c(Cl)c(Cl)c1Cl,-10.26
sample_1290,Clc1cc(Cl)c(Cl)c(-c2c(Cl)c(Cl)c(Cl)c(Cl)c2Cl)c1Cl,-10.41
