,sub_fragments
sample_1,*c1c(O)cccc1O
sample_2,*OC1CCC2(C)C(CCC3C4CCC(O)C4(C)CCC32)C1
sample_3,*C1(O)C(O)CC2C3CCC4=CC(=O)C=CC4(C)C3(F)C(O)CC21C
sample_4,*c1cc(NN=C2C(=O)NN=C2C(F)(F)F)[nH]n1
sample_5,*C(=O)CCP(=O)([O-])[O-]
sample_6,*CC1=[N+](C)c2ccc3ccccc3c2C1(C)C
sample_7,*CC1=NCCN1
sample_8,*C1NC(=O)NC(C)=C1C(N)=O
sample_9,*C(=O)C(F)(F)F
sample_10,*C1(O)OCC(O)C(O)C1O
sample_11,*OC1CCC2(C)C(CCC3C2CCC2(C)C3CCC2(O)C#Cc2ccccc2)C1
sample_12,*c1nnc2n1N=C(C(C)C)CS2
sample_13,*C(C)(O)C(C)(C)C
sample_14,*c1cc(O)c2n(c1=O)C(C(=O)[O-])CC2
sample_15,*c1ccc([N+](=O)[O-])c(C)c1
sample_16,*c1csc(C(C#N)=NNc2cc(C)ccc2C)n1
sample_17,*C1CCC2C3C(O)C(O)C4CCCCC4(C)C3CCC12C
sample_18,*C1CCC2(C)C(CCC3C4CC=C(C#Cc5ccccc5)C4(C)CCC32)C1
sample_19,*C1C(=O)c2ccccc2C1C
sample_20,*N1N=C(C(F)(F)F)C(=NNc2cccc(F)c2)C1=O
sample_21,*c1ccccc1C#N
sample_22,*n1ncc2c(N)nc(O)nc21
sample_23,*c1nc(C)c(C)o1
sample_24,*c1cccc(Cl)c1Cl
sample_25,*Cn1ccnc1C
sample_26,*CCC(C)(C)C(=O)O
sample_27,*Cc1c2c([o+]c3c1CCCC3)CCCC2
sample_28,*C1CC(c2ccc3ccccc3c2)=NN1C(C)=O
sample_29,*CCC1=C(C(N)=O)CCCC1
sample_30,*n1c(=O)n2n(c1=O)C1C3CCC1C2O3
sample_31,*SC=CCl
sample_32,*n1c(C)cc2c(c1=O)C(c1ccccc1)C(C#N)=C(N)O2
sample_33,*c1c(Cl)ccc(Cl)c1Cl
sample_34,*c1nc(C)c(N=Nc2c(Br)cc(Br)cc2Br)s1
sample_35,*C1C=C(C)C=C(C)O1
sample_36,*C1C2=C(OC(=O)C1(C)C)C1(C)CCC3C(CC=C4CC(O)CCC43C)C1C2
sample_37,*c1cc(O)c(O)c(O)c1
sample_38,*c1ccc2c(=O)n3c(cc2c1)CCCC3
sample_39,*C1C(=O)C2CCC(C)(C1=O)C2(C)C
sample_40,*OCCCCCCC
sample_41,*Nc1ccccc1
sample_42,*C1CCC2C3C(O)CC4CC5(CCC4(C)C3CC(=O)C12C)OCCO5
sample_43,*OCCCCl
sample_44,*c1c(C#N)c(N)n(N)c(=O)c1C#N
sample_45,*Cc1cc2ccccc2oc1=N
sample_46,*Cc1ccc(O)c([N+](=O)[O-])c1
sample_47,*NCC(C)C
sample_48,*C1Nc2ccc(C)cc2C1c1ccccc1
sample_49,*C(O)C(C)O
sample_50,*C1CCC2C3CC=C4CC(Cl)CCC4(C)C3CCC12C
sample_51,*C(C)CN1C(=O)c2cccnc2Nc2ccccc21
sample_52,*C(=O)CCCCC
sample_53,*C1CCC2C3CC(=O)C4(O)CC(=O)CCC4(C)C3CCC12C
sample_54,*Nc1ccc(Br)cc1
sample_55,*CC(=NO)c1ccc2ccccc2c1
sample_56,*CC(=O)[O-]
sample_57,*c1c(O)c(O)c2c(c1O)C(=O)C(O)=C1C(C)(C)CCCC12C
sample_58,*Nc1cc(C)on1
sample_59,*CCCO
sample_60,*c1cc(C)cc([N+](=O)[O-])c1O
sample_61,*C(=O)C1CC(c2ccccc2)c2ccccc21
sample_62,*Cc1ccc(F)cc1
sample_63,*C(=O)C1=NC=NC1
sample_64,*Cc1coc2ccc(Cl)cc2c1=O
sample_65,*c1cc(O)nc2c(Br)cc(Br)cc12
sample_66,*n1c(=O)c2c(c3ccccc31)Sc1ccccc1N=C2C
sample_67,*c1ccc(C)o1
sample_68,*c1cn(C)c(=O)n(C)c1=O
sample_69,*c1nc(C)cc(C)n1
sample_70,*Nc1c(C)cc(C)cc1C
sample_71,*c1ccc(N2N=N2)cc1
sample_72,*c1c(C)cc(O)nc1O
sample_73,*Cc1ccccc1C=NNc1ccccc1
sample_74,*C1NC(=O)NC(C)=C1C(C)=O
sample_75,*Cc1c(C)cc(C)cc1C
sample_76,*OC1CCC2(C)C(CCC3C4CCC(=NN[S+2]([O-])([O-])c5ccc(C)cc5)C4(C)CCC32)C1
sample_77,*c1cc([N+](=O)[O-])cc(Br)c1O
sample_78,*NCCC
sample_79,*CCCCCCCCCCCCCCCCCC
sample_80,*N1NC(=O)C(=C2SC=C(c3ccccc3)S2)C1=O
sample_81,*Cc1ccco1
sample_82,*Nc1cccc2c([N+](=O)[O-])cccc12
sample_83,*Nc1c(C)ccc2c1C(=O)c1ccccc1C2=O
sample_84,*C1CCCCC1
sample_85,*SN
sample_86,*Nc1cnccn1
sample_87,*n1c(=O)c2c(c3ccccc31)NCCN=C2C
sample_88,*Nc1ccc(S(=O)(=O)c2ccccc2)cc1C
sample_89,*SC([N+])N
sample_90,*CCCCCCCCC
sample_91,*Cc1ccc(O)cc1
sample_92,*CC(=O)C(=O)O
sample_93,*OP(=S)(OC)OC
sample_94,*c1nnc2n1CCCC2
sample_95,*Cc1ccccc1[N+](=O)[O-]
sample_96,*NC(=S)c1ccccc1
sample_97,*C1C=Cc2ccccc2N1
sample_98,*C12C=CC(CC1)C1C(=O)OC(=O)C12
sample_99,*c1cccc(Br)c1
sample_100,*C(=O)NN
sample_101,*N1N=C(c2ccc(N)cc2)CC1=O
sample_102,*CN1C(=O)CN=C(c2ccccc2F)c2cc(Cl)ccc21
sample_103,*c1ncnc2c1cnn2C
sample_104,*N1c2ccccc2Sc2ccc(Cl)cc21
sample_105,*Nc1cc(C)nc(C)n1
sample_106,*c1c2c(c(C)c3c1CC3=O)C(=O)C2
sample_107,*C1(O)CCC2C3CCC4=CC(=O)CCC4(C)C3C(=O)CC21C
sample_108,*c1cc(C)nc2c(N=Nc3ccc(Cl)cc3)c(N)nn12
sample_109,*Nc1ccc(O)cc1
sample_110,*C1c2ccccc2COc2ccccc21
sample_111,*OC1CCC2(C)C(=CCC3C4CCC(=O)C4(C)CCC32)C1
sample_112,*c1cc2c(cc1C)C(C(=O)O)C2
sample_113,*Cc1csc2c(Cl)cccc12
sample_114,*c1ccc([S+2](C)([O-])[O-])cc1
sample_115,*c1nnc(S)n1N=Cc1ccccc1O
sample_116,*OC(C)CC
sample_117,*c1ccc(C2C3=C(CC(C)(C)CC3=O)Nc3c2ccc2ccccc32)cc1
sample_118,*c1cc2ccccc2s1
sample_119,*c1ccccc1N
sample_120,*C(CCCCCCCCCCCC)C(=O)NN
sample_121,*c1nc(N)nc(O)c1C
sample_122,*NCC
sample_123,*c1cc(C)c(C)cc1C
sample_124,*c1nnc2sc(=S)[nH]n12
sample_125,*Cn1c(C)cc2c(c1=O)C(c1ccccc1)C(C#N)=C(N)O2
sample_126,*C1OC(=O)C2CCC1(C)OC2(C)C
sample_127,*C(C(C(=O)O)C(=O)O)C(C)(C)C=O
sample_128,*O[S+2]([O-])([O-])c1ccc([N+](=O)[O-])cc1
sample_129,*N1N=C(C(F)(F)F)C(=NNc2ccc(Br)cc2)C1=O
sample_130,*Nc1cccnc1
sample_131,*CC(=NNc1ccccc1)c1cccc2ccccc12
sample_132,*C1(C)CCC(C)C1(C)C
sample_133,*C1N=c2c(Cl)cccc2=C1c1ccccc1
sample_134,*C1C(=O)CC(C)(C)CC1=O
sample_135,*C1(C2=CCCCC2)C(=O)NC(=O)NC1=O
sample_136,*c1cc(Cl)cc(N)c1Cl
sample_137,*C(Br)N(O)c1ccccc1
sample_138,*OC1C(=O)NC2=C(C1=O)C(c1ccc(Br)cc1)c1c(c3ccccc3oc1=O)O2
sample_139,*N1NC(=O)C(Br)(Br)C1=O
sample_140,*OC1CCC2C3C(C)CC4CC(=O)CCC4(C)C3CCC12C
sample_141,*Oc1cc(Cl)ccc1Cl
sample_142,*C(CC)C(=O)O
sample_143,*SC
sample_144,*c1nc2ccccc2nc(=O)c1NNc1cccc2ccccc12
sample_145,*C(=O)C1=C(C)OCCC1
sample_146,*C(C)C(C)(C)C
sample_147,*C(C)(C)O
sample_148,*c1cc(C)n(C2=CC(C)N=N2)n1
sample_149,*c1nc[nH]c1C
sample_150,*Nc1ccc(I)cc1
sample_151,*C(=O)n1ccc(C)n1
sample_152,*C(=O)C#Cc1ccccc1
sample_153,*CC(=NO)c1ccc(N)cc1
sample_154,*n1cncn1
sample_155,*C(=O)C(Br)(CC)CC
sample_156,*C(=O)C(=NN)c1ccccc1
sample_157,*c1ccc(N=Nc2sc(C(C#N)=NNc3ccc(F)cc3)nc2C)cc1
sample_158,*Cc1c(O)c2cccc(C)c2[nH]c1=O
sample_159,*Oc1cc(Cl)cc(Cl)c1
sample_160,*c1ccccc1NN=C(C(N)=O)c1nc2ccccc2s1
sample_161,*NC1CCCCC1
sample_162,*C1CCC2C3CCC4CC(=O)CCC4(C)C3CC(=O)C12C
sample_163,*c1nc2ccc(C)cc2s1
sample_164,*C1C(=O)NN=C1C
sample_165,*C1(O)C=CC(=O)C=C1
sample_166,*Nc1c(Cl)cccc1Cl
sample_167,*CC(=NO)c1ccccc1
sample_168,*C1Oc2c(Cl)c(Cl)c(Cl)c(Cl)c2O1
sample_169,*c1c(C)cc(=O)oc1C
sample_170,*C(O)C=O
sample_171,*c1ccc(Cl)c(Cl)c1
sample_172,*c1oc2cc(O)cc(O)c2c(=O)c1O
sample_173,*N1Cc2ccccc2OC1=O
sample_174,*Cc1cccc2ccccc12
sample_175,*CC(C)=O
sample_176,*C1C2=C(CCCC2)OC2=C1CCCC2
sample_177,*C(=O)C(C#N)=NNc1ccccc1[N+](=O)[O-]
sample_178,*OC1=CC(=O)C2(C)CCC1C2(C)C
sample_179,*Nc1cccc(C)n1
sample_180,*C1(O)CCC2C3CCC4=CC(=O)CCC4(C)C3(F)C(O)CC21C
sample_181,*Cc1cnccc1C
sample_182,*NC=C1C(=O)C2(C)CCC1C2(C)C
sample_183,*C1CCC(C)=CC1=NNC(N)=O
sample_184,*n1nc2ccccc2n1
sample_185,*Nc1cccc2c(N)cccc12
sample_186,*SS(=O)CC=C
sample_187,*Nc1ccccc1[N+](=O)[O-]
sample_188,*c1ccc(C(Cl)=NO)cc1
sample_189,*c1cccc2c(Br)cccc12
sample_190,*NC(=S)N[S+2]([O-])([O-])c1ccc(C)cc1
sample_191,*C1(C)C=C(C)N=N1
sample_192,*NC1=CC(=O)C=CC1=O
sample_193,*n1[nH]c(Cl)c(C=O)c1=O
sample_194,*NC1=C(C)CCCC1
sample_195,*n1ccnc1
sample_196,*CC(O)CC(C)CCCC
sample_197,*CCCCCCCC
sample_198,*Nc1nc(C)c(C)c(O)n1
sample_199,*Cc1nc(C=NN[S+2]([O-])([O-])c2ccc(C)cc2)co1
sample_200,*CC(=C)C
sample_201,*c1ccccc1N=Cc1ccccc1
sample_202,*C(=O)CCC[P+](c1ccccc1)(c1ccccc1)c1ccccc1
sample_203,*c1ccc2c3c(cccc13)CC2
sample_204,*n1ccnc1C
sample_205,*c1csc(C(C#N)=NNc2ccccc2C)n1
sample_206,*c1c(O)c(Cl)c(Cl)c(Cl)c1Cl
sample_207,*OCC(=O)n1c(=O)sc2ccccc21
sample_208,*OC1(C)Cc2c(C)c(C)c(C)c(C)c21
sample_209,*C1C=CC2(C)C=CC=CC2N1
sample_210,*OC(C)C
sample_211,*Nc1cccc([N+](=O)[O-])c1
sample_212,*C1CC(=O)NC(=O)C1
sample_213,*c1ccc(O)c(O)c1
sample_214,*Nc1ccc([N+](=O)[O-])c(F)c1
sample_215,*C1C=C(c2ccccc2)OC(c2ccccc2)=C1
sample_216,*c1ccc(C#N)cc1
sample_217,*C(Br)Br
sample_218,*c1cn2c3c(c(C)c(F)cc3c1=O)CCC2C
sample_219,*c1n[nH]c(C)c1C
sample_220,*C1CCC2(C)C(CCC3C4CC(=O)CC4(C)CCC32)C1
sample_221,*Cc1ccc2ccccc2[n+]1C
sample_222,*C(C)(C)C(=O)O
sample_223,*CCC(C)=NNC(N)=O
sample_224,*C1C=C(c2ccccc2)N=N1
sample_225,*Nc1ccc(S(N)(=O)=O)cc1
sample_226,*OC1CCC2(C)C(=CCC3C4CC(C)C(=O)C4(C)CCC32)C1
sample_227,*c1ccc2c(c1C)CC2C#N
sample_228,*Nc1ccc(Br)cc1Br
sample_229,*C1C(=O)C2(C)CCC(C1O)C2(C)C
sample_230,*c1ccccc1C1(C)CCc2oc3ccc(Cl)cc3c2-c2oc(C)cc21
sample_231,*c1c([N+](=O)[O-])cc2c(c1[N+](=O)[O-])NC(=O)CC2
sample_232,*NS(=O)(=O)c1ccc(C)cc1
sample_233,*OC1CCCC2=CC(=O)CCC21C
sample_234,*c1ccc(S(C)=O)cc1
sample_235,*Nc1ccc([N+](=O)[O-])c(Br)c1
sample_236,*c1n[nH]c2ncccc12
sample_237,*c1cccc([S+2]([O-])([O-])O)c1
sample_238,*c1ccc2c(c1N)C(=O)c1ccccc1C2=O
sample_239,*CC
sample_240,*C1CCC(C2C(=O)NC(=O)NC2=O)CC1
sample_241,*c1ccccc1C1(C)CCc2oc3c(Br)cc(Br)cc3c2-c2oc(C)cc21
sample_242,*c1c(C)c2ccccc2n1C
sample_243,*N1c2cc3c(cc2CCC1C)NC(C)CC3
sample_244,*c1nc2nc(C)c(Cl)c(=O)n2[nH]1
sample_245,*C(C)(CC)CC
sample_246,*C(=O)C(C)=O
sample_247,*n1ncc2c(C)cc(C)nc21
sample_248,*[N+](C)C
sample_249,*n1cnc2c1c(=O)n(C)c(=O)n2C
sample_250,*C(=O)CCCCCCCC
sample_251,*C1CC(c2c(O)c3ccccc3n(C)c2=O)=Nc2ccccc2S1
sample_252,*C1CCC2C3CCC4CCCCC4(C)C3CC(O)C12C
sample_253,*CC(C)=NNc1ccc([N+](=O)[O-])cc1[N+](=O)[O-]
sample_254,*C1(N)CC1
sample_255,*OCCC(C)C
sample_256,*CC(C)=NNC(N)=O
sample_257,*Cc1cc(=O)c2ccccc2o1
sample_258,*CC1=[N+](C)c2ccccc2C1(C)C
sample_259,*c1cccc2ccccc12
sample_260,*NC1C2CCC(C)(C1O)C2(C)C
sample_261,*Cc1cc(C)c(N)cc1N
sample_262,*C(=O)C(Cl)Cl
sample_263,*CCN1C(=O)c2ccccc2N(C)c2ccccc21
sample_264,*N1C(=O)CSC1=S
sample_265,*c1cc2c(cc1C)C(Cl)C2
sample_266,*C1C(C#N)=C(N)SC(N)=C1c1nc2ccccc2s1
sample_267,*OC1CCCCC1
sample_268,*CC[P+](c1ccccc1)(c1ccccc1)c1ccccc1
sample_269,*Cc1cccc(N)c1
sample_270,*c1csc(C)n1
sample_271,*C1CCC2C3CCC4CC(=O)CCC4(C)C3CC(O)C12C
sample_272,*OC1CCC2(C)C(CCC3C4CCC(=O)C4(C)CCC32)C1
sample_273,*C(=O)C1(C)C(C(C)=O)=Nc2ccccc21
sample_274,*CCCN
sample_275,*CC1CCC=CC12OC(=O)C(OC)=C2OC
sample_276,*CCCS
sample_277,*OS(=O)(=O)N(C)C
sample_278,*O[Si](C)(C)C(C)(C)C
sample_279,*C(C)(Cl)C(=O)O
sample_280,*C(=O)CS
sample_281,*c1oc2c(c3c(c4ccccc42)OC2CC(=O)OC32)c(=O)c1[Si](C)(C)C
sample_282,*C(=O)C(F)(F)C(F)(F)C(F)(F)C(F)(F)C(F)(F)C(F)(F)C(F)(F)C(F)(F)F
sample_283,*N1CCNC1=O
sample_284,*C(=O)C(C)S
sample_285,*c1cc2c(cc1O)CCNC2CC
sample_286,*Nc1nc2ccccc2s1
sample_287,*c1nc2c3ccccc3ccn2n1
sample_288,*C1CCCC1
sample_289,*C(Br)C(Br)C(=O)O
sample_290,*C(=O)C(C#N)=C(SC)SC
sample_291,*n1c(=O)c(NN=C2C(=O)NN=C2c2c(O)c3ccccc3n(C)c2=O)c(C)n1C
sample_292,*NCCCBr
sample_293,*Cc1ccccc1N
sample_294,*Nc1ncccn1
sample_295,*OC=O
sample_296,*c1ccc2cc3ccccc3cc2c1
sample_297,*C(=O)C(C)N
sample_298,*NC(=N)N
sample_299,*Cc1ccc([N+](=O)[O-])cc1[N+](=O)[O-]
sample_300,*OCC(=O)O
sample_301,*N1CCc2ccccc2C1
sample_302,*N1CCC=C1C(=O)[O-]
sample_303,*CC1=[N+](CCCCCCCCCCCC)c2ccccc2C1(C)C
sample_304,*CCCC(C)=NNC(N)=O
sample_305,*C(=O)C1=Cc2ccccc2C1C
sample_306,*C12OC(C)(C)OC1CC1C3CCC4=CC(=O)C=CC4(C)C3(F)C(O)CC12C
sample_307,*OCCCl
sample_308,*c1ccc2c(c1)NC(=O)C2
sample_309,*c1ccc(O)c([N+](=O)[O-])c1
sample_310,*CC1C(=O)NC(=O)NC1=O
sample_311,*C1C(O)CC2CCC1N2C
sample_312,*c1ccc(C)c([N+](=O)[O-])c1
sample_313,*C(=O)N(C)OC
sample_314,*Oc1ccc(C)cc1
sample_315,*c1cc(C(=S)N2CCCCC2)ccc1O
sample_316,*OCC=C
sample_317,*Cc1ccc(C)cn1
sample_318,*C1C(=O)OC(C)(C)OC1=O
sample_319,*CC1CO1
sample_320,*Oc1cccc2[nH]ccc12
sample_321,*OC=C
sample_322,*C(=O)C1=CN=NC1C
sample_323,*NC=C1C(=O)NN=C1c1c(O)c2ccccc2n(C)c1=O
sample_324,*c1nc2ccccc2s1
sample_325,*C1C2CCC(C)(C1N)C2(C)C
sample_326,*n1c(=O)c(C(C)=Nc2ccccc2C)c(O)c2ccccc21
sample_327,*c1nnc2n1NCS2
sample_328,*CC(C)CCC(=O)O
sample_329,*C(=O)CCCCCCCCCCCCCCCCC
sample_330,*c1nnc(S)n1N=C(C)c1ccc(C)cc1
sample_331,*CCC(=O)C(=NO)c1ccccc1
sample_332,*C1CC(c2ccc3ccccc3c2)=NN1c1ccccc1
sample_333,*Cc1ccc(N=Cc2ccccc2)cc1
sample_334,*n1ncc(N)c(Cl)c1=O
sample_335,*c1cc(S(N)(=O)=O)c(Cl)cc1O
sample_336,*C1CCC2(C)C(CCC3C2CCC2(C)C3CCC2(O)C#Cc2ccccc2)C1
sample_337,*Cc1ccc(Cl)c(Cl)c1
sample_338,*c1cc2ccccc2cc1C
sample_339,*C1OC(C)C(O)C(N)C1O
sample_340,*NC1=CC(=O)c2ccccc2C1=O
sample_341,*C12OCCN1CC(=O)Nc1ccc(Br)cc12
sample_342,*c1cc([N+]([O-])=Nc2ccccc2)c(C)cc1N=Nc1ccccc1
sample_343,*C(O)P(c1ccccc1)c1ccccc1
sample_344,*c1ccc(C=C[N+](=O)[O-])cc1
sample_345,*C1C=Cc2ccccc2N1N=O
sample_346,*c1nnc(S)n1N=Cc1ccc2c(c1)OCO2
sample_347,*c1cc(C)nc2c(N=Nc3c(Br)cc(Br)cc3Br)c(N)nn12
sample_348,*C1CC(=O)c2c3c(c4ccccc4c2O1)OC1CC(=O)OC31
sample_349,*c1ccc(NN=C2C(=O)NC(=O)NC2=O)cc1
sample_350,*N1CCCC[S+2]1([O-])[O-]
sample_351,*c1ccc2c(c1)N(C)c1ccccc1S2
sample_352,*c1cc(I)ccc1O
sample_353,*NCCN
sample_354,*C(=O)C(C)CS
sample_355,*Oc1cccc2c1CC(O)C(O)C2
sample_356,*Cc1cc2ccccc2oc1=O
sample_357,*c1ccc2c(c1)C(O)OC2=O
sample_358,*C1CCC2C3C(O)CC4CC(O)CCC4(C)C3CCC12C
sample_359,*c1c(C)ccc2c1CCC1C2CCC2CCCCC21C
sample_360,*N1CCCCCC1=O
sample_361,*c1c(C)c(C)c(C)c(C)c1C
sample_362,*C1N=C(c2ccc(Cl)cc2)OC1=O
sample_363,*c1cc(C)nc2c(N=Nc3cc(Cl)c(Cl)cc3Cl)c(N)nn12
sample_364,*Nc1ccc(C)cc1
sample_365,*CCC
sample_366,*c1cc(Cl)c(Br)cc1Cl
sample_367,*N1N=C(C)C(=NNc2cc(Cl)c(Cl)cc2Cl)C1=O
sample_368,*C1CCC2C3CCC4CCCCC4(C)C3CC(=O)C12C
sample_369,*S(=O)(=O)c1ccc(N)cc1
sample_370,*CC(=O)n1c(=O)sc2ccccc21
sample_371,*NC1CCCCC1C
sample_372,*Cc1ccc2ccc3ccccc3c2c1
sample_373,*C1CCC2C3CCC4CC(=O)CCC4(C)C3CCC12C
sample_374,*c1ncco1
sample_375,*CC(C)C(=O)O
sample_376,*C1CCC2C3CC(O)C4(O)CC(O)CCC4(C)C3CCC12C
sample_377,*O[Si](C)(C)C
sample_378,*C(=O)C1(C)C(CC)=Nc2ccccc21
sample_379,*Cc1ccc(Cl)cc1Cl
sample_380,*N[S+2]([O-])([O-])c1cccs1
sample_381,*NCCBr
sample_382,*c1ccc(C(Br)=NNc2ccc([N+](=O)[O-])cc2)cc1
sample_383,*c1ccc2c(Br)cccc2c1
sample_384,*n1c(=O)c(N)c(C)n1C
sample_385,*n1c(=O)c(C(C)=Nc2ccc(O)c(C)c2)c(O)c2ccccc21
sample_386,*n1nc(C)c(C#N)c1N
sample_387,*CCCC(C)(O)C=C
sample_388,*C(=O)C(C(F)(F)F)(C(F)(F)F)C(F)(F)F
sample_389,*C1CC2c3ccccc3NC2C(C)N1
sample_390,*NC1CC2CC1C1CCCC21
sample_391,*c1ccc(C)cc1
sample_392,*c1ccc(NNc2ccccc2)cc1
sample_393,*Nc1ccc(C=O)cc1
sample_394,*C(=O)C(C)(C)C1=CCC2(C)C(CCC3C4CCC(O)C4(C)CCC32)C1
sample_395,*c1cc2c(cc1[N+](=O)[O-])OCCO2
sample_396,*C1CCC2(C)C(CCC3C4CCC(=O)C4(C)CCC32)C1
sample_397,*N(CP(c1ccccc1)c1ccccc1)CP(c1ccccc1)c1ccccc1
sample_398,*CC(C)(C(=O)O)C(=O)O
sample_399,*c1ccc(F)cc1
sample_400,*C1C(O)NN(c2ccccc2)C1O
sample_401,*Nc1c[nH]c(=O)[nH]c1=O
sample_402,*CC(C)=NN[S+2]([O-])([O-])c1ccc([N+](=O)[O-])c([N+](=O)[O-])c1
sample_403,*Nc1ccc(C)cc1[N+](=O)[O-]
sample_404,*C1Cc2ccccc2C(=O)O1
sample_405,*S(=O)(=O)C(F)(F)F
sample_406,*C1CCC2(C)C(CCC3C4CCC(O)C4(C)CCC32)C1
sample_407,*C(=O)C(C)=NNC(N)=O
sample_408,*CCC(=O)O
sample_409,*NC(CO)C(=O)O
sample_410,*CC(=S)C(=O)O
sample_411,*CC1COc2ccccc2O1
sample_412,*NCC=C
sample_413,*OC1(C#Cc2ccccc2)Cc2ccccc21
sample_414,*C1CCC2C3C=CC4CCCCC4(C)C3CCC12C
sample_415,*c1c[n+]([O-])ccc1C
sample_416,*c1c(C)n[nH]c1C
sample_417,*N1c2ccccc2Sc2ccc(C#N)cc21
sample_418,*C1SC(=S)NC1=O
sample_419,*C1Cc2ccccc2N1
sample_420,*C1C(O)=C(C(N)=O)C(=O)C2(O)C(O)=C3C(=O)c4c(O)ccc(Cl)c4C(O)C3CC12
sample_421,*SC1OC(=O)c2ccccc21
sample_422,*c1ccccn1
sample_423,*C1OC(=O)C(OC)=C1OC
sample_424,*CC(C)C(=O)C(C)=NNC(N)=O
sample_425,*C(=O)C(C#N)=NNc1ccccc1
sample_426,*C1C(=O)C2(C)CCC1C2(C)C
sample_427,*CCCCCC(=O)O
sample_428,*c1cc(O)cc(O)c1
sample_429,*n1ncc2c1NC(=O)CC=C2C
sample_430,*C(=O)C1CC(=O)c2ccccc21
sample_431,*c1cc2ccccc2ccc1=O
sample_432,*[N+]1(C)CC=CC1
sample_433,*NC(C(=O)[O-])C(C)C
sample_434,*C(=O)C1=C(C)OCCS1
sample_435,*c1cc2c(cc1C)C(C#N)C2
sample_436,*OCC(CC)CCCC
sample_437,*n1c(=O)c(C(C)=Nc2ccccc2)c(O)c2ccccc21
sample_438,*NC(N)=O
sample_439,*c1cc2c(=O)oc3ccccc3c2n(C)c1=O
sample_440,*Nc1ccccc1Br
sample_441,*C(=O)C(C)C
sample_442,*c1ccccc1NN=C(C#N)c1nc2ccccc2n1C
sample_443,*C(C)C#N
sample_444,*c1cccc2c1C(=O)C2
sample_445,*c1ccccc1C1(C)CCc2oc3ccc(Br)cc3c2-c2oc(C)cc21
sample_446,*OC1CCC2C3CCC4CC5(CCC4(C)C3CCC12C)OCCO5
sample_447,*NC1=C(Cl)C(=O)c2ccccc2C1=O
sample_448,*C12C(O)CCC(C)(C)C1CC(O)C13C(=O)C(C)C(CC(O)C21)C3O
sample_449,*c1ccccc1N=NC1SC(=S)NC1=O
sample_450,*c1cc2c(cc1[N+](=O)[O-])CCC(C)N2
sample_451,*Cc1ccc2c(c1)OCO2
sample_452,*C1(O)CCC2C3CC(C)C4=CC(=O)C=CC4(C)C3C(O)CC21C
sample_453,*OC1OC(C)C(O)C(N)C1O
sample_454,*C1(O)CCC2C3CCC4=CC(=O)CCC4(C)C3C(O)CC21C
sample_455,*c1ccc(N=Nc2c(N)nn3c(C)cc(C)nc23)cc1
sample_456,*c1ccc2c3c(n(C)c2c1)CCCC3
sample_457,*CC(=C)Cl
sample_458,*Oc1cccc(C)c1C
sample_459,*C1OC2(C)C=C(C)C1C(C#N)(C#N)C2(C#N)C#N
sample_460,*Cn1ncc2c(N)ncnc21
sample_461,*NC(=O)C(Br)(CC)CC
sample_462,*c1c(Cl)c(Cl)cc(Cl)c1Cl
sample_463,*OC1CCC2(C)C(=CC(=O)C3C4CCC(=O)C4(C)CCC32)C1
sample_464,*C(=O)C1=CC2(C)CCC1C2(C)C
sample_465,*C1C(=O)NN=C1c1c(O)c2ccccc2n(C)c1=O
sample_466,*C(=O)n1nc(C)cc1C
sample_467,*c1n[nH]c2c1C(c1ccc(O)cc1)C(C#N)=C(N)O2
sample_468,*c1ccccc1C1(C)CCc2oc3ccc(C)cc3c2-c2oc(C)cc21
sample_469,*N1N=C(C(F)(F)F)C(=NNc2cccnc2)C1=O
sample_470,*c1ccc(C=O)cc1
sample_471,*Oc1cccc(N=CN(C)C)c1
sample_472,*C1CCC2(C)C(CC(=O)C3C4CCC(=O)C4(C)CCC32)C1
sample_473,*Nc1ncnc(N)n1
sample_474,*C(C)CCC
sample_475,*C(=O)CC1(O)Cc2ccccc21
sample_476,*C(C)CC
sample_477,*c1c(Cl)c(Cl)c(Cl)c(Cl)c1Cl
sample_478,*C(C#N)C#N
sample_479,*C1N=c2ccccc2=C1O
sample_480,*Cc1cc2c(cc1[N+](=O)[O-])[N+]([O-])=C(c1ccccc1)C2=O
sample_481,*NC(SC)=C(C#N)C#N
sample_482,*Cc1c(O)ccc2ccccc12
sample_483,*c1cc(Cl)ccc1O
sample_484,*C1(C)CCCCC1
sample_485,*c1cc(=O)[nH]c(=S)[nH]1
sample_486,*c1nccs1
sample_487,*OC1CC2C3CCC4CCCCC4(C)C3CCC2(C)C1
sample_488,*c1nc(Cl)c(Cl)c(N)c1Cl
sample_489,*N1c2ccccc2Sc2ccc([S+2](C)([O-])[O-])cc21
sample_490,*C1NC2=C(C1=O)C(c1ccc(Br)cc1)c1c(c3ccccc3oc1=O)O2
sample_491,*c1ccc2c(c1)CCC2
sample_492,*OC1=C(CC=C)C(=O)C(O)=C2C1=CC=C1C(C)=C(C)C(=O)CC12C
sample_493,*C(C)CCC(=O)O
sample_494,*c1cc(N=Nc2ccc(N=Nc3ccccc3)cc2)c(C)cc1N=Nc1ccc(N=Nc2ccccc2)cc1
sample_495,*N1CC=CC1
sample_496,*C1N=C(c2ccc([N+](=O)[O-])cc2)OC1=O
sample_497,*CC#N
sample_498,*c1c(O)c2ccccc2n1N1CCCCC1
sample_499,*n1ccccc1=O
sample_500,*C(=O)CC(C)(C)C
sample_501,*CCBr
sample_502,*Cc1ccc([N+](=O)[O-])cc1[S+2]([O-])([O-])O
sample_503,*N1CCOCC1
sample_504,*C1CCC2C3C(=O)CC4CC(O)CCC4(C)C3CC(O)C12C
sample_505,*n1c(=O)c(C(C)=Nc2cccc(N)c2)c(O)c2ccccc21
sample_506,*c1cccc(NN=C(C#N)c2nc(C)c(N=Nc3ccc(F)cc3)s2)c1
sample_507,*SC1OCC(O)C(O)C1O
sample_508,*Cc1ccccc1
sample_509,*C1CC2(C)Nc3ccccc3C(O2)C1[N+](=O)[O-]
sample_510,*CC(=NNC(N)=O)c1ccccc1
sample_511,*N1c2ccccc2Sc2ccccc21
sample_512,*c1ccc([N+](=O)[O-])o1
sample_513,*C(=O)C=CN(O)c1ccccc1
sample_514,*CCC(N)C(=O)O
sample_515,*Nc1ccnc2cc(Cl)ccc12
sample_516,*n1c(=O)c(C(C)=NCCO)c(O)c2ccccc21
sample_517,*C(O)CCC
sample_518,*C(=O)CCC1=NC=NC1
sample_519,*N[S+2]([O-])([O-])c1ccc(C)cc1
sample_520,*Cc1coc2ccccc2c1=O
sample_521,*C1(O)CCC2C3CCC4=CC(=O)C=CC4(C)C3C(O)CC21C
sample_522,*CC(C)=NO
sample_523,*C1(O)CCC2C3CC(C)C4=CC(=O)C=CC4(C)C3(F)C(O)CC21C
sample_524,*c1cnccc1C
sample_525,*C(=O)C(=NNc1ccc(Cl)cc1Cl)[S+2]([O-])([O-])c1ccccc1
sample_526,*C1C(=O)NC(=S)NC1=O
sample_527,*c1cc([N+](=O)[O-])cc([N+](=O)[O-])c1O
sample_528,*C12CCC(C)(O1)C(=O)OC2=O
sample_529,*c1onc(C)c1C
sample_530,*c1ccc(N=Nc2ccc(O)cc2)cc1
sample_531,*c1c(Br)ccc2c1C(=O)C2
sample_532,*CN1CCCCC1
sample_533,*Cc1ccc(N)cc1
sample_534,*N1C(=O)c2cc(S(N)(=O)=O)c(Cl)cc2NC1C
sample_535,*c1cc2ccccc2oc1=S
sample_536,*OCC(C)C
sample_537,*c1nccc(C)n1
sample_538,*C1N(C)c2ccc(C)cc2C1(C)C
sample_539,*C1CC=CC(=O)C1
sample_540,*C(C)CC(C)=NNC(N)=O
sample_541,*c1ccc2c(c1O)CN1CCC(=O)CC1C2O
sample_542,*OC1OC(C(N)=O)=CC(C)C1Br
sample_543,*n1c(=S)oc2ccccc21
sample_544,*C(C(=O)O)C(C)C
sample_545,*c1ccc2c(c1)NC(C)CC2
sample_546,*C12CC(=NNC(N)=O)C(C)C1C2
sample_547,*c1ncc([N+](=O)[O-])s1
sample_548,*c1cc2c(=O)oc3ccccc3c2nc1N
sample_549,*c1nnc(S)s1
sample_550,*c1csc(C(C#N)=NNc2cc(Cl)c(Cl)cc2Cl)n1
sample_551,*Oc1cccc2ccccc12
sample_552,*CC1=C(C=NNc2ccc([N+](=O)[O-])cc2[N+](=O)[O-])CCCC1
sample_553,*n1c(=O)c(C(C)=NN=C2C(=O)Nc3ccccc32)c(O)c2ccccc21
sample_554,*c1cc(Cl)c(Cl)c(Cl)c1Cl
sample_555,*c1cc2c(cn1)CCCC2
sample_556,*C(=O)C(N)=O
sample_557,*C1CCC2C3CCC45CCC(=O)C4C5(C)C3CCC12C
sample_558,*Nc1ccccc1N
sample_559,*c1cccc(O)c1
sample_560,*NCN1CCOCC1
sample_561,*CN1CCOCC1
sample_562,*n1c(=O)c(C(C)=NC(C)CC)c(O)c2ccccc21
sample_563,*OC1CCC2C3CCC45OC4C(=O)C=CC5(O)C3CCC12C
sample_564,*Nc1ccc(N)cc1
sample_565,*CC(=NNc1ccccc1)c1ccc2ccccc2c1
sample_566,*n1nc([S+2](C)([O-])[O-])c(C#N)c1N
sample_567,*C12CCC(C)(C(=O)O1)C2(C)C
sample_568,*Cc1cc([N+](=O)[O-])ccc1O
sample_569,*OC1CCC2C3CC=C4CC5(CCC4(C)C3CCC12C)OCCO5
sample_570,*OCCCC(=O)O
sample_571,*c1cc2c(cc1C)C(=O)C2
sample_572,*CC=C
sample_573,*n1c(N)cc(=O)n(C)c1=O
sample_574,*N1N=C(c2ccc([N+](=O)[O-])cc2)C(=NO)C1=O
sample_575,*O[S+2](C)([O-])[O-]
sample_576,*C(=O)C([NH3+])CCCC[NH3+]
sample_577,*C(C#N)C(C)=O
sample_578,*c1ccccc1O
sample_579,*c1ccncc1
sample_580,*C(=O)[O-]
sample_581,*C1N=c2ccccc2=C1c1ccccc1
sample_582,*C(=O)C1(C)C(C)=Nc2ccccc21
sample_583,*c1cc(Br)cc([N+](=O)[O-])c1O
sample_584,*Cc1c(C)ccc2c1CCC1C2CCC2CCCCC21C
sample_585,*OC1CCC2(C)C(CC(=O)C3C4CCC(=O)C4(C)CCC32)C1
sample_586,*OC1=CC(c2ccccc2)c2ccccc21
sample_587,*C1CCC2C3C(=O)CC4CC5(CCC4(C)C3CC(=O)C12C)OCCO5
sample_588,*n1ncc(N)c(Br)c1=O
sample_589,*C1(C)CCCC2(C)C1CCC13CC(CCC21O)C(=C)C3O
sample_590,*c1ccccc1N=[N+]=[N-]
sample_591,*Nc1c([N+](=O)[O-])cc(Cl)cc1[N+](=O)[O-]
sample_592,*Nc1ccc(Cl)c(Cl)c1
sample_593,*NCCCC(=O)NO
sample_594,*c1c(C)c(C)cc(C)c1C
sample_595,*C1(O)CCC2C3CCC4=CC(=O)CCC4(C)C3CCC21C
sample_596,*c1cc(C)nc2c(N=Nc3ccccc3[N+](=O)[O-])c(N)nn12
sample_597,*c1c(O)c2ccccc2oc1=O
sample_598,*C(=O)C(C(F)(F)F)C(F)(F)F
sample_599,*CCN=[N+]=[N-]
sample_600,*N1N=C(C(F)(F)F)C(=NNc2cccc(C)c2C)C1=O
sample_601,*Nc1cccc(Br)c1
sample_602,*C1CCC2C3CCC4C(Br)C(=O)CCC4(C)C3CCC12C
sample_603,*C(=O)CCC(=O)O
sample_604,*c1cc2ccccc2o1
sample_605,*c1cc2ccccc2c2ccccc12
sample_606,*c1ncnc2nccnc12
sample_607,*C1OC(O)C(O)C(O)C1O
sample_608,*n1[nH]cc2c(=O)ccnc1-2
sample_609,*C1C=COC(=O)c2ccccc2C1
sample_610,*c1nnc(S)n1N=Cc1ccc([N+](=O)[O-])cc1
sample_611,*n1cnc2c(=O)[nH]c(N)nc21
sample_612,*c1nnc(S)n1C
sample_613,*C(C)C=NNc1ccc([N+](=O)[O-])cc1[N+](=O)[O-]
sample_614,*C1CCC(C)CC1=O
sample_615,*C1C=Cc2ccc(O)cc2N1
sample_616,*Cn1cc([N+](=O)[O-])ccc1=O
sample_617,*CC#C
sample_618,*c1ccc(C2(C)CCc3oc4c(Br)cc(Br)cc4c3-c3oc(C)cc32)cc1
sample_619,*OC1CCC2C3CCC4CC(O)CCC4(C)C3CCC12C
sample_620,*OC(C)CCC
sample_621,*c1ccc2c(c1)no[n+]2[O-]
sample_622,*OC1OC(=O)c2ccccc21
sample_623,*C(C)O
sample_624,*c1c(C)cccc1O
sample_625,*NC(CCC(=O)O)C(N)=O
sample_626,*N1CCN(C)CC1
sample_627,*c1ccc2c(C)c(Cl)c(=O)oc2c1
sample_628,*CCCC
sample_629,*C1C2=C(CCCC2)OC(=O)C1(C)C
sample_630,*CC(N)=O
sample_631,*C(=O)C(Br)(C(F)(F)F)C(F)(F)F
sample_632,*c1ccc2ccccc2[n+]1C
sample_633,*C(=O)C1=C2c3ncccc3ON2C(Cl)C(Cl)C1Cl
sample_634,*C1CN=C(N)O1
sample_635,*Nc1cccc(Cl)c1
sample_636,*C[N+](=O)[O-]
sample_637,*CC1CC1
sample_638,*NCNC1=CC(=O)c2ccccc2C1=O
sample_639,*Nc1nccc(C)n1
sample_640,*C1(Br)C(=O)C2(C)CCC1C2(C)C
sample_641,*C1N=NC(N=Cc2ccc(C)cc2)=N1
sample_642,*c1cc(C)nc2c(N=Nc3ccc4ccccc4c3)c(N)nn12
sample_643,*N1C(=O)CCC1=O
sample_644,*CC[P+]([O-])(O)O
sample_645,*c1cncc(Cl)n1
sample_646,*SC(=S)N(C)C
sample_647,*Cc1cccs1
sample_648,*c1cc(N=Nc2ccc(N)cc2)c(C)cc1N=Nc1ccc(N)cc1
sample_649,*c1cc(N)ccc1[N+](=O)[O-]
sample_650,*c1cc(Br)cc(Br)c1O
sample_651,*Cc1ccc2ccccc2c1
sample_652,*c1ccc(O)cc1O
sample_653,*n1c(C)c(C)c2ccccc21
sample_654,*Nc1ccccc1NNc1ccccc1
sample_655,*CC(C)=NNc1ccccc1
sample_656,*c1ccc[n+](C)c1
sample_657,*Cn1cnc2c1c(=O)n(C)c(=O)n2C
sample_658,*C1OC(C)C(O)C(O)C1O
sample_659,*c1ccccc1N=C=S
sample_660,*c1cnc2ccccc2n1
sample_661,*C(=O)CCCCC(=O)O
sample_662,*c1ccc2ccccc2[nH+]1
sample_663,*SN1C(=O)C2CC=CCC2C1=O
sample_664,*N1CCC(O)CC1
sample_665,*C1(C2C=CCCC2)C(=O)NC(=S)NC1=O
sample_666,*Oc1cccc([N+](=O)[O-])c1
sample_667,*C(=O)CCBr
sample_668,*CCl
sample_669,*C(=O)Cl
sample_670,*Cc1cccc(C)c1C
sample_671,*OCCCCCC
sample_672,*C1(O)CCC2(C)C(CCC3C4CCC(=O)C4(C)CCC32)C1
sample_673,*Nc1ccc(F)c(Cl)c1
sample_674,*Oc1cc(C)ccc1C
sample_675,*c1ccc2c(c1)NC(=O)CC2
sample_676,*C1OC2C3=C(CCCC3)C1C(C#N)(C#N)C2(C#N)C#N
sample_677,*c1ccccc1[N+](=O)[O-]
sample_678,*Oc1cc(Cl)c(Cl)cc1Cl
sample_679,*Nc1sc2c(c1C#N)CCCC2
sample_680,*CCCCC
sample_681,*C1CC(=O)OC1(C)C
sample_682,*c1cc2c(cc1O)CCNC2
sample_683,*C(=O)C1(O)c2ccccc2-c2ccc(Cl)cc21
sample_684,*n1c(=O)c2c(C)noc2c2ccccc21
sample_685,*c1ccc([N+](=O)[O-])cc1[N+](=O)[O-]
sample_686,*N1c2ccccc2CCc2ccccc21
sample_687,*Cc1cccc(O)c1
sample_688,*c1c(N)sc2c1CCCC2
sample_689,*NCCCCCC(=O)O
sample_690,*c1ncc2nccnc2n1
sample_691,*C1CC2=CC(=O)CCC2(C)C2CCC3(C)C(CCC34CCC(=O)O4)C12
sample_692,*Nc1ccc(F)c(F)c1F
sample_693,*c1ccc2cnc(C)cc2c1
sample_694,*Oc1ccc(O)cc1
sample_695,*c1ccc2c3c(c4c(c2c1)CCCC4)CCCC3
sample_696,*C(C)C#C
sample_697,*Nc1ccc(N(Nc2ccccc2)C(C)=O)cc1
sample_698,*C(=O)CC(C)=O
sample_699,*c1cc(C)nc2c(N=Nc3ccccc3Cl)c(N)nn12
sample_700,*c1ccc(C2C3=C(CC(C)(C)CC3=O)Nc3ccc4ccccc4c32)cc1
sample_701,*C1CC2=C3C=CCC=C3N=C2CN1
sample_702,*c1cc(I)cc(I)c1O
sample_703,*C1N=C(c2ccccc2)OC1=O
sample_704,*NCCCC(=O)O
sample_705,*c1cc2c(cc1O)C[N+](C)CC2
sample_706,*c1c[nH]cn1
sample_707,*CC1CCc2c(c3ccccc3n2C)C1=O
sample_708,*OC1(c2ccccc2)Cc2ccccc21
sample_709,*CC(N)CC
sample_710,*c1cc2ccccc2c(=O)o1
sample_711,*c1nc(Cl)nc(Cl)n1
sample_712,*c1cc(C)nc2c(N=Nc3ccccc3)c(N)nn12
sample_713,*n1cnc2c(N)ncnc21
sample_714,*N1CCCCCC1
sample_715,*c1cnc2cncnc2n1
sample_716,*C1C2CCC1c1ccccc12
sample_717,*NCCCC
sample_718,*c1n[nH]c2c1C(c1ccc(Cl)cc1)C(C#N)=C(N)O2
sample_719,*C1C2C=CC1c1ccccc12
sample_720,*CC(CC(C)C)=NNC(N)=O
sample_721,*Cc1ccc([N+])cc1
sample_722,*C(C)CC(=O)O
sample_723,*c1c2c(c(C)c3c1C(C)C3=O)C(=O)C2
sample_724,*C1CCC2C3CCC4CCCCC4(C)C3CCC12C
sample_725,*C1C(=O)c2ccccc2C1=O
sample_726,*OC1CCCc2c(C)ccc(C)c21
sample_727,*C(S)C(=O)O
sample_728,*C1Cc2ccccc2C1=O
sample_729,*c1ccc2c(c1)C(=O)c1c(Cl)c(Cl)c(Cl)c(Cl)c1C2=O
sample_730,*C1CCC2C3C(=O)C(Br)C4CCCCC4(C)C3CCC12C
sample_731,*CS
sample_732,*NC(CS)C(=O)[O-]
sample_733,*c1c(O)c(O)c2c(c1O)C(=O)C(=O)C1C(C)(C)CCCC21C
sample_734,*Nc1ccc(C)c(C)c1
sample_735,*C(C(C)=O)C(C)=O
sample_736,*C1Nc2ccccc2C1c1ccccc1
sample_737,*C(=O)CP(=O)([O-])[O-]
sample_738,*c1n[nH]c2c1C(c1ccc(C)cc1)C(C#N)=C(N)O2
sample_739,*OS(C)(=O)=O
sample_740,*Oc1ccccc1Cl
sample_741,*c1cnccn1
sample_742,*CC1CCN(C)C1
sample_743,*c1ccc(NN=C(C(C)=O)C(C)=O)cc1
sample_744,*CC[N+]
sample_745,*C(=O)C1=C(O)c2ccccc2[S+2]([O-])([O-])N1C
sample_746,*c1ccccc1NN=C1C(=O)NN=C1C(F)(F)F
sample_747,*C1C(=O)NC2=C(C1=O)C(c1ccc(Br)cc1)c1c(c3ccccc3oc1=O)O2
sample_748,*C(=O)C(C)NP(=O)([O-])[O-]
sample_749,*C(CC(=NO)c1ccccc1)NO
sample_750,*c1c(Cl)cc(Cl)cc1Cl
sample_751,*CC(=NO)c1cccc2ccccc12
sample_752,*c1ccc2c(c1)CC2O
sample_753,*C1C(C)(O)CCC2C(C)(C)CCCC21C
sample_754,*Nc1ncc(C)cn1
sample_755,*C1C(=O)Nc2ccccc21
sample_756,*Oc1ccc([N+](=O)[O-])cc1
sample_757,*n1c(=O)c(C(C)=Nc2cc(C)ccc2O)c(O)c2ccccc21
sample_758,*OCCC
sample_759,*[N+]#N
sample_760,*CCC1=CCC2C3CCC4CC=CCC4(C)C3CCC12C
sample_761,*OC1CCC2(C)C(=CCC3C2CCC2(C)C3CCC2(O)C#Cc2ccccc2)C1
sample_762,*N1NC(=O)CC1=O
sample_763,*CC1=CC(=O)CCC1
sample_764,*OC1CC2C(=C)C(=O)C3(C4CC5C(C)(C=O)CCCC5(C(=O)O4)C13)C2O
sample_765,*n1c(=O)c2c(c3ccccc31)NCC(C)N=C2C
sample_766,*NC(CC(C)C)C(=O)[O-]
sample_767,*c1ccc(N)cc1
sample_768,*c1ccccc1C1(C)CCc2oc3ccccc3c2-c2oc(C)cc21
sample_769,*C1C(O)=C(C(N)=O)C(=O)C2(O)C(O)=C3C(=O)c4c(O)cccc4C(C)C3C(O)C12
sample_770,*c1ccc2c(c1)OCCO2
sample_771,*O[S+2]([O-])([O-])C(F)(F)F
sample_772,*Oc1ccc(N)cc1
sample_773,*C(=O)C(C)=NNC(N)=S
sample_774,*C1OC(C(=N)OC)=CC(O)C1O
sample_775,*N1N=C(C(F)(F)F)C(=NNc2cccc(C)c2)C1=O
sample_776,*C1C(=O)N2C(N(C)C)=Nc3ccc(C)cc3N2C1=O
sample_777,*Cc1ccccc1C=O
sample_778,*c1ccco1
sample_779,*C(=O)CN
sample_780,*CCI
sample_781,*NC=C(C#N)c1ccccc1
sample_782,*Cc1cccc2c1OCO2
sample_783,*C(Cl)(Cl)Cl
sample_784,*C(=O)CCCCCCCCC
sample_785,*C1c2ccccc2CCc2ccccc21
sample_786,*n1c(C)nc2ccccc2c1=O
sample_787,*Cc1ccc([N+](=O)[O-])cc1
sample_788,*C1N(C)c2ccccc2C1(C)C
sample_789,*C(=O)C(N)C(C)C
sample_790,*c1c2c(c(C)c3c1CC3)CC2
sample_791,*c1ccccc1C
sample_792,*CC1=[N+](C)c2ccc(Cl)cc2C1(C)C
sample_793,*c1ccc(NN(C(C)=O)c2ccccc2)cc1
sample_794,*c1c(Cl)cc(Cl)c(Cl)c1Cl
sample_795,*c1nc(C)c(N=Nc2ccccc2[N+](=O)[O-])s1
sample_796,*c1ccccc1
sample_797,*SC(=NN)C(N)=NN
sample_798,*OC1C2=C(C(=O)C(O)=C(C(C)C)C2=O)C2(C)CCCC(C)(C)C2C1O
sample_799,*Oc1ccc(O)c(I)c1
sample_800,*c1c([N+](=O)[O-])cccc1[N+](=O)[O-]
sample_801,*n1cnc2c(O)ncnc21
sample_802,*c1cc(O)ccc1C
sample_803,*c1c(C)ccc2c1CCC1C2CCC2CC(O)CCC21C
sample_804,*C(=O)C(=NNc1ccc(C)cc1C)C(=O)C(F)(F)F
sample_805,*c1nn(C)c2ncnc(N)c12
sample_806,*C1C(O)CCC2CN3CCc4c([nH]c5ccccc45)C3CC21
sample_807,*Cc1ccc(C)cc1
sample_808,*c1csc(C(C#N)=NNc2ccc(Br)cc2)n1
sample_809,*c1cn2ccccc2n1
sample_810,*Cc1ccccn1
sample_811,*CC1Cc2ccccc2C(=O)O1
sample_812,*CC(C)=NN[S+2]([O-])([O-])c1ccc(C)cc1
sample_813,*c1nc2ccccc2nc(=O)c1NNc1ccc2ccccc2c1
sample_814,*OC1(C#N)Cc2ccccc21
sample_815,*Nc1nsc2ccccc12
sample_816,*C(CC(=O)O)C(C)(C)C(=O)O
sample_817,*c1nnc(S)n1N=Cc1ccccc1Cl
sample_818,*N1N=C(C(F)(F)F)C(=NNc2ccc(Cl)cc2)C1=O
sample_819,*Cc1ccc([N+](=O)[O-])cc1[S+2]([O-])([O-])[O-]
sample_820,*C(=O)CCS
sample_821,*c1ccc(Br)c2c1C(=O)C2
sample_822,*N1N=C(C(F)(F)F)C(=NNc2ccc(F)cc2)C1=O
sample_823,*N1N=C(C(F)(F)F)C(=NNc2cccc([N+](=O)[O-])c2)C1=O
sample_824,*c1cccnc1
sample_825,*c1cccc2c1CCCC2
sample_826,*C(Cl)Cl
sample_827,*CCC(N)=N[S+2](N)([O-])[O-]
sample_828,*OCCO
sample_829,*CC(=O)NN
sample_830,*C1(C)CCC2C3C=C(C)C4=CC(=O)CCC4(C)C3CCC21C
sample_831,*N1C(=C(C(C)=O)C(C)=O)SC2=C1C(=O)c1ccccc1C2=O
sample_832,*c1ccccc1C=NNc1ccc([N+](=O)[O-])cc1[N+](=O)[O-]
sample_833,*c1ccc2c(c1)CNCC2
sample_834,*c1ccc2c(c1)CCC(=O)N2
sample_835,*n1c(C)[n+](C)c2cc([N+](=O)[O-])ccc21
sample_836,*Oc1ccc(Cl)cc1C
sample_837,*Oc1cccc(C)c1
sample_838,*CCCCCCCCC(=O)O
sample_839,*C1CC1
sample_840,*CC1(C)CCC(C)C1(C)C
sample_841,*c1ccc2nc(S(N)(=O)=O)sc2c1
sample_842,*Cc1ccc(Cl)cc1
sample_843,*Cc1cccc2c(Br)ccc([N+](=O)[O-])c12
sample_844,*c1[nH]c2c(c1O)C(c1ccc(Br)cc1)c1c(c3ccccc3oc1=O)O2
sample_845,*SCCC(N)=N[S+2](N)([O-])[O-]
sample_846,*C1C(O)=C(C(N)=O)C(=O)C2(O)C(O)=C3C(=O)c4c(O)ccc(Cl)c4C(C)(O)C3CC12
sample_847,*C(=O)CCCCCCCCCCC
sample_848,*OC
sample_849,*C1(C)C=CC(=NN[S+2]([O-])([O-])c2ccc(C)cc2)CC1
sample_850,*C(CO)C(=O)O
sample_851,*C(=O)C1=C(C)c2ccccc2C1
sample_852,*NC=Cc1ccccc1[N+](=O)[O-]
sample_853,*N1N=C(C)C(=NNc2cccc(O)c2)C1=O
sample_854,*N1N=C(C)C(=NNc2cccnc2)C1=O
sample_855,*c1ccc([N+](=O)[O-])cc1Cl
sample_856,*Cc1coc2ccc(Br)cc2c1=O
sample_857,*Cc1ccccc1C
sample_858,*OC1CCC2(C)C(CCC3C4CCCC4(C)CCC32)C1
sample_859,*SC(=NNc1ccccc1)C(N)=NNc1ccccc1
sample_860,*O[S+2]([O-])([O-])c1ccccc1
sample_861,*C1CCC2=C3CCC4CC(O)CCC4(C)C3CC(O)C21C
sample_862,*C1CC2(C)CCC1C2(C)C
sample_863,*OC1=CC(=O)CC(C)(C)C1
sample_864,*Nc1ccc(Cl)cc1Cl
sample_865,*c1cc2ccccc2oc1=O
sample_866,*C1CCC2C3C(=O)CC4CCCCC4(C)C3CC(=O)C12C
sample_867,*C(=O)O
sample_868,*c1csc(N=C(N)N)n1
sample_869,*N[S+2]([O-])([O-])CCCC
sample_870,*Nc1cccc([N+](=O)[O-])c1[N+](=O)[O-]
sample_871,*Cc1cc(Br)cc(Br)c1N
sample_872,*C1CC(=NO)c2cnccc2C1
sample_873,*Cc1nc2ccccc2s1
sample_874,*C1CC2CC1C(=C)C2(C)C
sample_875,*c1c(O)c2ccc([N+](=O)[O-])cc2n1C(C)=O
sample_876,*C1(O)CCC2C3CCC4CC(O)CCC4(C)C3CCC21C
sample_877,*NC1NC(=O)NC1=O
sample_878,*N1NC(=O)C(N=Nc2ccc(C)cc2)C1=O
sample_879,*Nc1cccc(C)c1C
sample_880,*C1C=C(c2ccccc2)NC1
sample_881,*C1C(C=C(Cl)Cl)C1(C)C
sample_882,*c1ccc2c(c1O)C13CCN(C)C1(C=CC(=O)C3)CC2
sample_883,*c1nc(C)c(N=Nc2ccc(F)cc2)s1
sample_884,*OCC1c2ccccc2-c2ccccc21
sample_885,*NC1CCCCCCC1
sample_886,*OCC(C)CC
sample_887,*n1c(=O)c2c(c3ccccc31)NC(=N)NN=C2C
sample_888,*n1ccnc1[N+](=O)[O-]
sample_889,*c1c(C)sc2ccccc12
sample_890,*C1CC2=C3C=CCC=C3N=C2C(C)N1
sample_891,*C1CC(=O)c2cnccc2C1
sample_892,*c1ccc(O)c(I)c1
sample_893,*c1ncccc1[N+](=O)[O-]
sample_894,*N1c2ccccc2C=Cc2ccccc21
sample_895,*c1nnc(C)s1
sample_896,*c1cn[nH]c1N
sample_897,*CC(=NNc1ccccc1)c1ccccc1
sample_898,*Oc1c(Cl)cccc1Cl
sample_899,*Cc1c(N)c2ccccc2oc1=O
sample_900,*C1C2CC3C4N(C)c5ccccc5C45CC(C2C5O)N3C1O
sample_901,*NC1CCSC1=O
sample_902,*OC(O)=C1C=NC2=C(CNN2C)C1=O
sample_903,*c1cc(C)nc2c(N=Nc3ccc(C)cc3C)c(N)nn12
sample_904,*c1cc(C)cc2c1C(=O)C2
sample_905,*c1c(O)ccc2ccccc12
sample_906,*N1C(=O)c2ccccc2[S+2]1([O-])[O-]
sample_907,*C1CCCCN1
sample_908,*n1c([N+](=O)[O-])cnc1C
sample_909,*C(=O)C1=C(C)CC(C)=N1
sample_910,*C1Cc2ccccc21
sample_911,*OC1CCC2(C)C(CCC3C2CCC2(C)C3CCC23OCCO3)C1
sample_912,*Nc1ccc(Cl)cc1[N+](=O)[O-]
sample_913,*C1CCC(C)(C(=NNc2ccc([N+](=O)[O-])cc2[N+](=O)[O-])C(=O)O)C1(C)C
sample_914,*C1C=C(C)N=N1
sample_915,*C(=O)C(=CN(O)c1ccccc1)c1ccccc1
sample_916,*OC1CCCC1
sample_917,*CC(=CN)C(C)=O
sample_918,*n1[nH]cc2c(=O)ncnc1-2
sample_919,*c1nc(C)c(N=Nc2c(Cl)cc(Cl)cc2Cl)s1
sample_920,*C1(O)CC2C3CCC4(C)CC(O)CCC4(C)C3CCC2(C)C1
sample_921,*c1cc(C)nc2c(N=Nc3c(Cl)cc(Cl)cc3Cl)c(N)nn12
sample_922,*c1c(C#N)c(N)nc2c(N=Nc3ccc(F)cc3)c(N)nn12
sample_923,*OC1CCC2C3CCC4CC=CCC4(C)C3CCC12C
sample_924,*C1CCC2C3CCC4CC(O)CCC4(C)C3CCC12C
sample_925,*c1ccc(Cl)cc1O
sample_926,*C1CCC2C3CCC4=CC(=O)CCC4(C)C3CCC12C
sample_927,*C(O)(CC)C(O)CCC
sample_928,*CC(Cl)=C(Cl)Cl
sample_929,*c1csc(C(C#N)=NNc2cccc(C)c2)n1
sample_930,*Nc1ccc([S+2]([O-])([O-])c2ccc(N)cc2)cc1
sample_931,*C(C)OC
sample_932,*c1cc(O)c2c(=O)c3cc(O)ccc3oc2c1
sample_933,*C(=O)C(=NNc1cc(Cl)ccc1Cl)C(=O)C(F)(F)F
sample_934,*c1ccccc1Br
sample_935,*c1cccc(C)c1C
sample_936,*ON=C1C(Cl)C2CC(C#N)C1C2
sample_937,*CCC(C)C
sample_938,*c1c(C)cc(C)cc1C
sample_939,*C1(O)CCC2(C)C(CCC3C2CCC2(C)C3CCC23OCCO3)C1
sample_940,*c1c(Cl)cccc1Cl
sample_941,*c1nnc(S)n1N
sample_942,*C1OCCO1
sample_943,*C(=O)C(O)CCN
sample_944,*Cc1cc([N+](=O)[O-])cc([N+](=O)[O-])c1[O-]
sample_945,*c1nn2c(C)nnc2s1
sample_946,*c1cnc(N)nc1N
sample_947,*CC(=O)NNc1ccccc1
sample_948,*c1cnc2n(C)[nH]c(N)c-2c1=O
sample_949,*Nc1ccc2c(c1)OCCO2
sample_950,*CCN
sample_951,*CC(F)(F)F
sample_952,*c1ccc(C)cc1O
sample_953,*C1CCC2C3C(O)CC4CC(O)CCC4(C)C3CC(O)C12C
sample_954,*n1c(=O)sc2cccc(Cl)c21
sample_955,*c1ccc(Br)c2c1C(=NNc1ccc([N+](=O)[O-])cc1[N+](=O)[O-])C2
sample_956,*C1C(C(=O)O)=C(C)N(C)C(=O)N1C
sample_957,*N1CCCCC1
sample_958,*N1CCCC1
sample_959,*Nc1ccccc1C
sample_960,*C1OCC2OC(O)C(O)C(O)C2O1
sample_961,*Cc1cnc(N)nc1N
sample_962,*c1ccc([N+](=O)[O-])cc1N
sample_963,*c1cc([N+](=O)[O-])cc([S+2]([O-])([O-])O)c1
sample_964,*c1ccc(NN=C(C#N)c2nc(C)c(N=Nc3ccccc3)s2)cc1
sample_965,*C(N)=O
sample_966,*c1c(F)cccc1Cl
sample_967,*c1ccc(C)s1
sample_968,*C1(C)Cc2ccccc2C(=O)O1
sample_969,*CCCC(CC)=NNC(N)=O
sample_970,*c1c[nH]c2ccccc12
sample_971,*C1CC(=O)CC(=O)C1C#N
sample_972,*n1c(=O)[nH]c2ccccc21
sample_973,*CCCC12CCC(c3ccccc31)c1ccccc12
sample_974,*Nc1nn(C(C)=O)c2ncccc12
sample_975,*C(Br)C(Br)[N+](=O)[O-]
sample_976,*C1N=NC(N=Cc2ccc(Cl)cc2)=N1
sample_977,*C1CCC2(C)C1(C)CCC13OC21CCC1C(C)C(O)CCC13C
sample_978,*SCC(=O)O
sample_979,*c1cc2c(cc1O)CC[N+]C2
sample_980,*C[N+]([O-])=Cc1ccccn1
sample_981,*C1(C2=CCCCCC2)C(=O)NC(=O)NC1=O
sample_982,*c1nc2ccccc2nc(=O)c1NNc1ccc(Cl)cc1
sample_983,*CCCCl
sample_984,*OC(C)(C)C(=O)O
sample_985,*C1C2C3(C=CC(O)C2(C)C(=O)O3)C2CCC3(O)CC12CC3=C
sample_986,*C1N(C)c2ccc(Cl)cc2C1(C)C
sample_987,*c1ccc(C(C)=NO)cc1
sample_988,*c1ccc(I)cc1
sample_989,*CCO
sample_990,*OCC(Cl)(Cl)Cl
sample_991,*C1CCC2C3C=CC4CC(O)CCC4(C)C3CC(O)C12C
sample_992,*c1nnc(S)n1N=Cc1ccc(Cl)cc1
sample_993,*n1c(=O)c(C(C)=Nc2c(O)ccc3ccccc23)c(O)c2ccccc21
sample_994,*n1c(=O)c2c(c3ccccc31)Nc1ccccc1N=C2C
sample_995,*c1cc(=O)oc2ccccc12
sample_996,*Oc1ccccc1
sample_997,*OCCCCCCCCCC
sample_998,*c1sc2sc(C#N)c(N)c2c1N
sample_999,*OCC
sample_1000,*OCC#C
sample_1001,*c1ccc(N=O)cc1
sample_1002,*c1nnc(S)n1N=Cc1ccccc1
sample_1003,*C(O)CN
sample_1004,*c1csc(C(C#N)=NNc2ccncc2)n1
sample_1005,*Oc1ccc(Cl)cc1O
sample_1006,*C1(C)CC(C)(C)c2ccc(C)cc2O1
sample_1007,*C1CCC2C3C(O)CC4CC(O)CCC4(C)C3CC(=O)C12C
sample_1008,*Oc1nc(Cl)nc(Cl)n1
sample_1009,*c1cncnc1
sample_1010,*ON1C(=O)CCC1=O
sample_1011,*CC(=NO)c1ccc2c3c(cccc13)CC2
sample_1012,*c1cc(C)ccc1C
sample_1013,*c1cc(C)ccc1O
sample_1014,*NCCCCCCCCCC
sample_1015,*n1c(C)nc2ccccc21
sample_1016,*c1csc2c(Cl)cccc12
sample_1017,*c1ccc2ccccc2c1
sample_1018,*C(=O)C(=C)C
sample_1019,*SCC
sample_1020,*c1cc2c(cc1[S+2](N)([O-])[O-])[S+2]([O-])([O-])NCN2
sample_1021,*C1(C2=CCCCC2)CCCCC1
sample_1022,*c1nnc(S)n1N=Cc1ccc(F)cc1
sample_1023,*NC1=C(Cl)C(=O)C(Cl)=C(Cl)C1=O
sample_1024,*CCC(C)CCCC(=C)C
sample_1025,*C1(O)CCC2C3CCC4(C)CC(O)CCC4(C)C3CCC21C
sample_1026,*Nc1ccc(Cl)cc1
sample_1027,*c1cc(I)c(O)c(I)c1
sample_1028,*C1CN=CC=N1
sample_1029,*c1cc(C)[nH]n1
sample_1030,*Cc1c(O)cccc1O
sample_1031,*C1C(=N)Oc2c(c(=O)oc3ccccc23)C1c1ccc(Br)cc1
sample_1032,*C1CCC1S
sample_1033,*Cc1cc(C)ccc1C
sample_1034,*Nc1cccc2ccccc12
sample_1035,*c1cccc2[nH]ccc12
sample_1036,*[N+]#[C-]
sample_1037,*c1ccccc1F
sample_1038,*c1cc(N=Nc2ccccc2)c(C)cc1N=Nc1ccccc1
sample_1039,*CC(O)=NNC(N)=O
sample_1040,*C1N=NC(C)=C1C
sample_1041,*Nc1c([N+](=O)[O-])cc(C)cc1[N+](=O)[O-]
sample_1042,*C(=O)CC
sample_1043,*c1ccc(C2(C)CCc3oc4ccccc4c3-c3oc(C)cc32)cc1
sample_1044,*c1nnc(S)n1N=C1C(=O)Nc2ccccc21
sample_1045,*C1CCC2(CC1)Cc1ccc(O)cc1C2
sample_1046,*c1ccc2ccc(C)nc2c1
sample_1047,*C1(C)CCCC23COC4CC5C(C)C(=O)C6(C(CC12)OC(C)(C)OC56)C43
sample_1048,*CCC(=O)C=CO
sample_1049,*C(=O)CCCCCCC
sample_1050,*C(C)CCCO
sample_1051,*OC1CCC2(C)C(C1)CC1(OCCO1)C1C2CCC2(C)C1CCC21OCCO1
sample_1052,*c1ccc(N)cc1N
sample_1053,*c1cc([N+](=O)[O-])c(C)c([N+](=O)[O-])c1
sample_1054,*c1c(C)nc(N)nc1Cl
sample_1055,*NCN1CCCC1
sample_1056,*Cc1c(Cl)cccc1Cl
sample_1057,*n1cccn1
sample_1058,*C(=O)C(=NNc1cc(Cl)ccc1Cl)[S+2]([O-])([O-])c1ccccc1
sample_1059,*C1CCC2(C)C3=CCC4C(C)C(O)CCC4(C)C3=CCC12C
sample_1060,*CC(=C)Br
sample_1061,*Nc1nc(C)c(C)o1
sample_1062,*NCCC(=O)[O-]
sample_1063,*OC(C)C1=NCCN1
sample_1064,*C1CCC2C3CCC4=CC(O)CCC4(C)C3CCC12C
sample_1065,*n1c(=O)c(C(C)=Nc2ccc(N=Nc3ccccc3)cc2)c(O)c2ccccc21
sample_1066,*n1c(=O)n2n(c1=O)C1C3OC2C1c1ccccc13
sample_1067,*O[N+](=O)[O-]
sample_1068,*c1cc(C)nc(C)n1
sample_1069,*CC1OCCO1
sample_1070,*c1ccc(N(Nc2ccccc2)C(C)=O)cc1
sample_1071,*Cc1ccc([N+](=O)[O-])o1
sample_1072,*c1cc2ccccc2cn1
sample_1073,*OCCCCCCCC
sample_1074,*Nc1ncccc1C
sample_1075,*c1cc(C)cc(C)c1
sample_1076,*Cc1ccccc1O
sample_1077,*c1n[nH]c2ccccc12
sample_1078,*CC=NNc1ccc([N+](=O)[O-])cc1[N+](=O)[O-]
sample_1079,*c1cc(Cl)ccc1N=NC1SC(=S)NC1=O
sample_1080,*CC(=O)CC(C)(C)C
sample_1081,*Nc1nnc(S(N)(=O)=O)s1
sample_1082,*c1ccc2c(=O)n3ccccc3cc2c1
sample_1083,*CCCBr
sample_1084,*Nc1ccc(N=Nc2ccc(N)cc2)cc1
sample_1085,*c1nc(C)c(N=Nc2ccc(Cl)cc2)s1
sample_1086,*c1ccsc1
sample_1087,*c1ccc([S+2](N)([O-])[O-])cc1
sample_1088,*Cc1cc(Br)cc([N+](=O)[O-])c1[O-]
sample_1089,*C1N=c2ccccc2=C1C
sample_1090,*OC1Cc2ccccc21
sample_1091,*N1C(=O)c2ccccc2C1=O
sample_1092,*SC(C)=O
sample_1093,*c1ccc(Cl)cc1Cl
sample_1094,*NC
sample_1095,*C1OC2(CCCCC2)OC1=O
sample_1096,*CC1SCC(C)S1
sample_1097,*c1nc(N)nc(Cl)c1C
sample_1098,*CC(N)C(=O)O
sample_1099,*C1Nc2ccccc2C1(C)C
sample_1100,*n1c2nc(=O)[nH]c(=O)c-2nc2cc(C)c(C)cc21
sample_1101,*c1ncc(C)cn1
sample_1102,*C(F)(F)F
sample_1103,*CP(c1ccccc1)c1ccccc1
sample_1104,*n1c(C)nc2cc([N+](=O)[O-])ccc21
sample_1105,*c1nn2c(nc(=O)c3ccccc32)s1
sample_1106,*NC(C)=O
sample_1107,*N[S+2]([O-])([O-])c1ccc(N)cc1
sample_1108,*Nc1c(C)cccc1C
sample_1109,*Cc1c[nH]cn1
sample_1110,*Oc1ccc(Cl)cc1Cl
sample_1111,*C1CCC2C3C(=O)CC4CCCCC4(C)C3CCC12C
sample_1112,*c1ccc(C=O)c(C)c1C
sample_1113,*Cc1cccnc1
sample_1114,*n1cc([N+](=O)[O-])ccc1=O
sample_1115,*N1c2ccccc2C(C)(C)C12C=Cc1cc([N+](=O)[O-])ccc1O2
sample_1116,*OC1CCC2(C)C3CCC4(C)C(=O)CCC4C3C(=O)CC2(C)C1
sample_1117,*CCC(=O)NNc1ccccc1
sample_1118,*c1cn[nH]c1
sample_1119,*CC1CCCN(C)C1
sample_1120,*c1csc(C(C#N)=NNc2ccc(Cl)cc2)n1
sample_1121,*C(=O)CC#N
sample_1122,*CCCCCC
sample_1123,*OC1=Cc2ccccc2Sc2ccc(Cl)cc21
sample_1124,*CC1=[N+]=c2ccccc2=N1
sample_1125,*c1ccccc1Cl
sample_1126,*C(=O)C1Cc2ccccc21
sample_1127,*C(O)CO
sample_1128,*C1CC(OC)=CC(=O)C1C#N
sample_1129,*Nc1ccccc1O
sample_1130,*n1c(=O)c2c(C)nc(N)nc2c2ccccc21
sample_1131,*CCCCCCCCCC
sample_1132,*[NH2+]C1CCc2ccccc2N(CC(=O)[O-])C1=O
sample_1133,*c1cc(C)on1
sample_1134,*Cc1cccc(Cl)c1
sample_1135,*c1cc2ccccc2oc1=N
sample_1136,*CCCC(C)(C)C(=O)O
sample_1137,*C(=O)NN=C(C)c1ccco1
sample_1138,*CC(O)CO
sample_1139,*OC1c2ccccc2C(=O)N1C
sample_1140,*OC1CCC2C3CCC4CC(O)(C#C)CCC4(C)C3CCC12C
sample_1141,*Oc1ccc(Cl)cc1
sample_1142,*OC1(C#C)CCC2C3CCC4=CC(=O)CCC4C3CCC21C
sample_1143,*NCC(=O)O
sample_1144,*SC(C)(C)C
sample_1145,*Cc1ccc(C)o1
sample_1146,*CC(C)CC
sample_1147,*N1CCNCC1
sample_1148,*c1cccc(NN=C(C(C)=O)C(=O)C(F)(F)F)c1
sample_1149,*C(C)C(=O)O
sample_1150,*N1C(=O)c2ccccc2NS1(=O)=O
sample_1151,*C1(C#Cc2ccccc2)Cc2ccccc21
sample_1152,*c1cc(C)cc(C)c1N
sample_1153,*CC(=O)NO
sample_1154,*Nc1ccc([N+](=O)[O-])cc1N
sample_1155,*n1c(=O)n2n(c1=O)C(C(=O)[O-])C=CC2
sample_1156,*C(Br)C(C)Br
sample_1157,*C(O)(CCC)CCC
sample_1158,*C12OC(C)CN1CC(=O)Nc1ccc(Cl)cc12
sample_1159,*N1NC(=O)C(=NNc2ccc(C)cc2)C1=O
sample_1160,*c1csc(C(C#N)=NNc2ccccc2)n1
sample_1161,*C1(O)CCC2(C)C3CCC4(C)C(O)CCC4C3CCC2(C)C1
sample_1162,*C1(C)CCCC2(C)C3CCC(C(C)C)=CC3=CCC12
sample_1163,*C1N=c2ccccc2=N1
sample_1164,*c1cccc2c(Br)ccc([N+](=O)[O-])c12
sample_1165,*c1cccc([S+2]([O-])([O-])N(C)C)c1
sample_1166,*NC(=NC#N)NC
sample_1167,*C(O)CBr
sample_1168,*C1(C)CCC2=C1CCC1C2CCC2(C)CC(O)CCC12C
sample_1169,*N1CC(=O)N2CCc3ccccc3C2C1
sample_1170,*n1c(=O)c(C(C)=NCC(O)CO)c(O)c2ccccc21
sample_1171,*c1nnc(S)n1-n1cccc1
sample_1172,*NC(C)CC
sample_1173,*c1c(C=O)c(=O)oc2ccccc12
sample_1174,*c1csc(C(C#N)=NNc2ccc(F)cc2)n1
sample_1175,*C1OC2CC3C(C)(C)CCC(O)C13C1C(O)CC3C(=C)C(=O)C21C3O
sample_1176,*C(=O)C=Nc1ccccc1
sample_1177,*c1n[nH]c2c1C(c1ccccc1Cl)C(C#N)=C(N)O2
sample_1178,*Nc1c(C=O)c(=O)oc2ccccc12
sample_1179,*c1c(Br)ccc2c1C(=NNc1ccc([N+](=O)[O-])cc1[N+](=O)[O-])C2
sample_1180,*OC1CC2C(C)(C)CCCC2(C)C2=C1C(=O)C(C(C)C)=C(O)C2=O
sample_1181,*C1COC(C)(C)O1
sample_1182,*c1cc([N+](=O)[O-])ccc1O
sample_1183,*C(=O)CC(C)(C)C(=O)O
sample_1184,*C1CNC(=O)CO1
sample_1185,*Nc1ccccc1C#Cc1ccccc1
sample_1186,*C1Cc2ccccc2C(O)O1
sample_1187,*C(O)(CC)CC
sample_1188,*C1CC(c2ccc3ccccc3c2)=NN1C(N)=O
sample_1189,*C1CCC2CCCCC2[N+]1C
sample_1190,*n1oc(=O)n(C)c1=O
sample_1191,*C12CC3CC(CC(C3)C1)C2
sample_1192,*n1cc(C)c(=O)[nH]c1=O
sample_1193,*c1cc(=O)[nH]c(=O)[nH]1
sample_1194,*Nc1nnc(C)s1
sample_1195,*c1ccc(N)c(Cl)c1
sample_1196,*C(C)(C)C#N
sample_1197,*N1C(=N)c2ccccc2C1=O
sample_1198,*c1ccccc1C=C
sample_1199,*C(=O)C=C
sample_1200,*C1OC(N(C)C)=NC1=O
sample_1201,*C(=O)C(C)CCC(=O)[O-]
sample_1202,*n1ncc(C=O)c1N
sample_1203,*C(=O)C1=C(C)N=NC1C
sample_1204,*c1ccc2ccccc2c1C
sample_1205,*c1ccccc1C(=S)N1CCCCC1
sample_1206,*c1ccc(O)cc1C
sample_1207,*c1cc(=O)c2c3c(c4ccccc4c2o1)OC1CC(=O)OC31
sample_1208,*Cc1c(F)cccc1Cl
sample_1209,*C1CCC2C3CC=C4CC(O)CCC4(C)C3CCC12C
sample_1210,*CCC(C)=O
sample_1211,*NCCC[n+]1ccccc1
sample_1212,*C1CCC2C3C(O)C(O)C4CC(O)CCC4(C)C3CC(O)C12C
sample_1213,*C1O[S+2]([O-])([O-])c2cc([N+](=O)[O-])ccc21
sample_1214,*CC(N)=NO
sample_1215,*C1OC(C(N)=O)=CCC1Br
sample_1216,*OC1OC(C(N)=O)=CCC1Br
sample_1217,*n1cc2c(n1)C1(C)CCC2C1(C)C
sample_1218,*C1CCC2C3CCC4CC(O)CCC4(C)C3CC(O)C12C
sample_1219,*c1ccc(N=Nc2ccccc2)cc1
sample_1220,*c1nc2ncccn2c1N=O
sample_1221,*C(=O)C(=S)N1CCOCC1
sample_1222,*N1C(=O)c2cc([S+2](N)([O-])[O-])c(Cl)cc2NC1C
sample_1223,*N(C)[S+2]([O-])([O-])c1ccc(C)cc1
sample_1224,*C1CCC2C3CC(O)C4CC(O)CCC4(C)C3CCC12C
sample_1225,*C1(O)C(C)CC2C3CCC4=CC(=O)C=CC4(C)C3(F)C(O)CC21C
sample_1226,*OCC(C)(C)C
sample_1227,*c1ccc(C)c(O)c1
sample_1228,*c1cccs1
sample_1229,*C1C(O)=C(C(N)=O)C(=O)C2(O)C(O)=C3C(=O)c4c(O)cccc4C(C)(O)C3C(O)C12
sample_1230,*CC(O)C(O)C(O)CO
sample_1231,*C(=O)C(=NNc1cccnc1)C(=O)C(F)(F)F
sample_1232,*C1CC=C(C)C1(C)C
sample_1233,*c1ccc(Br)cc1N
sample_1234,*Cc1cccc2c(Br)cccc12
sample_1235,*C1CCC2C3CCC4=CC(=O)CCC4(C)C3C3CC12C(O)O3
sample_1236,*Nc1cc(Cl)ccc1Cl
sample_1237,*C1C=C(CC(C)C)OC1=O
sample_1238,*C1CCNCC1
sample_1239,*OCCCCC
sample_1240,*Cc1c[nH]c2ccccc12
sample_1241,*C[S+2]([O-])([O-])NC
sample_1242,*n1ccc2c(N)ncnc21
sample_1243,*Cc1ccc(N)cc1[N+](=O)[O-]
sample_1244,*c1ccc(Cl)cc1
sample_1245,*c1ccc([N+](=O)[O-])cc1
sample_1246,*NC1Cc2ccccc21
sample_1247,*C1CCN(C)CC1
sample_1248,*c1nc2ccccc2nc1C
sample_1249,*C(=O)CBr
sample_1250,*CC(=O)Cl
sample_1251,*N[S+2](C)([O-])[O-]
sample_1252,*OC1OC(C)C(O)C(O)C1O
sample_1253,*c1cc(C)nc2c(N=Nc3cccc(C)c3)c(N)nn12
sample_1254,*C1CCC(C)CC1O
sample_1255,*Cc1nc[nH]c1C
sample_1256,*CC=O
sample_1257,*C(Cl)(Cl)C(Cl)Cl
sample_1258,*C1C2CCC(C)(C1O)C2(C)C
sample_1259,*CC(Cl)=CCl
sample_1260,*N1c2cc3[nH]c(C)cc3cc2CC1C
sample_1261,*O[S+]([O-])C(C)(C)C
sample_1262,*c1nnn[nH]1
sample_1263,*C12ON1c1ccccc1C2=O
sample_1264,*C(C)(C)CC
sample_1265,*SC(=N)N
sample_1266,*C1CCc2c(c3ccccc3n2C)C1=O
sample_1267,*C1c2ccccc2-c2ccccc21
sample_1268,*C1CCC2(C)C3CCC4(C)C(O)CCC4C3CCC2(C)C1
sample_1269,*NC(=S)C(=NNC(=N)N)c1ccccc1
sample_1270,*CN
sample_1271,*c1nc(Cl)c(Cl)cc1Cl
sample_1272,*C(=O)CCCCCC
sample_1273,*C(=O)CCC
sample_1274,*Nc1ccccc1N=Cc1ccccc1
sample_1275,*c1ccc2c(c1[N+](=O)[O-])C(=O)c1c(Cl)c(Cl)c(Cl)c(Cl)c1C2=O
sample_1276,*c1ccc2c(=O)c(=O)c2c1
sample_1277,*Oc1ccc2ccccc2c1
sample_1278,*c1nn[nH]n1
sample_1279,*C1CCC2C3CC(Cl)C4(O)CC(=O)CCC4(C)C3CCC12C
sample_1280,*C(=O)C(C)(C)S
sample_1281,*C1CC2C3(C)CCCC2(COC3)C2C(O)CC3C(=C)C(=O)C12C3O
sample_1282,*C(=O)NNc1ccccc1
sample_1283,*C(CCC(=O)O)C(C)(C)C(=O)O
sample_1284,*Cc1ccc([N+](=O)[O-])cc1N
sample_1285,*Nc1ccc2c(c1)NC(=O)C2
sample_1286,*C1C(C)N1[S+2]([O-])([O-])c1ccc(C)cc1
sample_1287,*ON
sample_1288,*C(=O)C(C(N)=S)=C1NN=C(c2ccc(Cl)cc2)O1
sample_1289,*C1CCC2C3C(=O)CC4CC(=O)CCC4(C)C3CC(=O)C12C
sample_1290,*c1ccc(NN=C(C#N)c2nc3ccccc3n2C)cc1
sample_1291,*CN1C(=O)C2(CCCC2)N=C1CCCC
sample_1292,*Nc1ccccc1Cl
sample_1293,*n1nc(Br)c2c(=O)n(N)cnc21
sample_1294,*c1cc2c(cc1O)C(CC(C)C)[N+](C)CC2
sample_1295,*N1N=C(C(F)(F)F)C(=NNc2ccncc2)C1=O
sample_1296,*c1ccc2c(c1)CCCC2
sample_1297,*c1csc(C(C#N)=NNc2ccc(O)cc2)n1
sample_1298,*OCC#CCCl
sample_1299,*Oc1cccc(Cl)c1
sample_1300,*C1CCc2ccccc2N1
sample_1301,*n1c(=O)ccc2c1nnn2C
sample_1302,*c1ccnc2ccccc12
sample_1303,*NC(C)C
sample_1304,*C1CC(C)CC(C)C1=O
sample_1305,*C1C(O)=C(C(N)=O)C(=O)C2(O)C(O)=C3C(=O)c4c(O)cccc4C(C)(O)C3CC12
sample_1306,*c1cc(Cl)c([N+](=O)[O-])cc1[N+](=O)[O-]
sample_1307,*C(=O)C(=NNc1ccc([N+](=O)[O-])cc1)C(=O)C(F)(F)F
sample_1308,*c1cccc(Cl)c1
sample_1309,*CC1=[N+](C)c2ccc(C)cc2C1(C)C
sample_1310,*Cc1ccccc1Cl
sample_1311,*c1nnc2n1N=C(c1ccccc1)CS2
sample_1312,*C(C)C
sample_1313,*C(=O)C(N)C(C)CC
sample_1314,*C(=O)C1=CC(C)N=N1
sample_1315,*C(=O)C(=NNc1ccc(Cl)cc1)C(=O)C(F)(F)F
sample_1316,*OC1CCC2(C)C(CCC3C4=C(CCC32)C(C)(C#Cc2ccccc2)CC4)C1
sample_1317,*NC(CO)C(N)=O
sample_1318,*c1cc(Cl)c(Cl)cc1Cl
sample_1319,*c1ccc(S(=O)(=O)c2ccccc2)cc1C
sample_1320,*C(=O)C1=C(C)OCCS1(=O)=O
sample_1321,*C(=O)CCC(=O)[O-]
sample_1322,*c1cc([N+]([O-])=Nc2ccccc2)c(C)cc1[N+]([O-])=Nc1ccccc1
sample_1323,*OCCCC(C)(C)C(=O)O
sample_1324,*C1CCC2(C)C(=CCC3c4ccc(C)c(C)c4CCC32)C1
sample_1325,*NC=O
sample_1326,*c1csc(C(C#N)=NNc2ccc(Cl)cc2Cl)n1
sample_1327,*NC(CC(C)C)C(=O)O
sample_1328,*C(CCCCCC(=O)O)C1=C(C)C(=O)C(C)=C(C)C1=O
sample_1329,*OC1CCC2C3CCC4CC(=O)CCC4(C)C3CCC12C
sample_1330,*Nc1ccccn1
sample_1331,*c1cc(C)c(C#N)c(=O)n1N
sample_1332,*c1ccc2c(c1)CC2=O
sample_1333,*NC(N)=S
sample_1334,*NC(C(=O)[O-])C(C)CC
sample_1335,*CCCCCCCCCCCC
sample_1336,*C1CCC(C)CC1=NNC(N)=O
sample_1337,*NC(=S)N[S+2]([O-])([O-])c1ccccc1
sample_1338,*OC(CCCCCCCCCCCC)C(=O)NN
sample_1339,*C1C(C#N)=C(N)OC2=C1CCCC2
sample_1340,*C(C)(C)C
sample_1341,*C1(C=C)C(=O)NC(=O)NC1=O
sample_1342,*c1cc(C)nc2c(N=Nc3cccc4ccccc34)c(N)nn12
sample_1343,*Cn1cnc2c(N)ncnc21
sample_1344,*c1csc(C(C#N)=NNc2cc(Cl)ccc2Cl)n1
sample_1345,*OC1CCC2(C)C3CCC4=C(CCC4(C)C#CCl)C3CCC2(C)C1
sample_1346,*CCS
sample_1347,*C(=O)C(C)CC(=O)[O-]
sample_1348,*Sc1ccccc1
sample_1349,*c1c([N+](=O)[O-])cc([N+](=O)[O-])cc1[N+](=O)[O-]
sample_1350,*NC=C1C(=O)NN=C1c1c(O)c(=CC)c(=CC=C)n(C)c1=O
sample_1351,*C1C(=O)c2cccc([N+](=O)[O-])c2C1=O
sample_1352,*C(=O)C(=NNc1ccccc1[N+](=O)[O-])C(C)=O
sample_1353,*c1c2occc2cc2ccc(=O)oc12
sample_1354,*C(=O)C[N+](=O)[O-]
sample_1355,*c1cc(N=Nc2ccc(C)cc2)c(C)cc1N=Nc1ccc(C)cc1
sample_1356,*c1cccc2c(=O)c(=O)c12
sample_1357,*c1nc2ccc(Cl)cc2s1
sample_1358,*Cc1ccc(N)cc1N
sample_1359,*CC1=C(C=NO)CCC1
sample_1360,*C(=O)C(C)(C)C
sample_1361,*c1nc2nc(C)cc(=O)n2[nH]1
sample_1362,*C1CCCN1C
sample_1363,*N1N=C(c2ccc([N+](=O)[O-])cc2)C(=NNc2ccccc2)C1=O
sample_1364,*C1CCc2cc(O)ccc2C1
sample_1365,*C1C=CC2C3C=CC(C3)C12
sample_1366,*c1cc(Cl)cc(Cl)c1[N+](=O)[O-]
sample_1367,*C(=O)C(C#N)=C1SCCS1
sample_1368,*OC(C)(CC)CC
sample_1369,*ON(C=C1C(=O)C2(C)CCC1C2(C)C)c1ccccc1
sample_1370,*CC(=O)O
sample_1371,*C1CCCCC1=O
sample_1372,*C1CCCC1=O
sample_1373,*C(C)C#Cc1ccccc1
sample_1374,*OC(=S)N(C)C
sample_1375,*C(C)N(O)C(N)=O
sample_1376,*C1(C2=CC3CCC(C2)C3)C(=O)NC(=O)NC1=O
sample_1377,*C1N(C)c2ccc3ccccc3c2C1(C)C
sample_1378,*Nc1cccc2c(C#N)cccc12
sample_1379,*NS(=O)(=O)c1ccccc1
sample_1380,*C(=O)CC(C)C
sample_1381,*c1ccc(C#N)cc1[N+](=O)[O-]
sample_1382,*Cc1csc(N=C(N)N)n1
sample_1383,*C1NC(=O)C1(C)C
sample_1384,*c1ccc2c3c1OC1C(O)C=CC4C(C2)N(C)CCC341
sample_1385,*C1Nc2cc(Cl)c(S(N)(=O)=O)cc2S(=O)(=O)N1
sample_1386,*C(=O)C(C)(C(F)(F)F)C(F)(F)F
sample_1387,*c1c(C)cc2c(c1C)CC2=O
sample_1388,*Oc1cc(C(=S)N2CCCCC2)ccc1O
sample_1389,*c1ccc2c(c1)C(C(=O)O)C2
sample_1390,*CCCCCCC
sample_1391,*c1nc(C)c(N=Nc2ccc([N+](=O)[O-])cc2)s1
sample_1392,*Cc1ccc(C#N)cc1[N+](=O)[O-]
sample_1393,*c1cc(C)c2c(c1)CC2=O
sample_1394,*c1cc(C)nc2c(N=Nc3cc(Cl)ccc3Cl)c(N)nn12
sample_1395,*c1cc(C)n(C)n1
sample_1396,*CCC(C)=NO
sample_1397,*c1cccc([S+2](N)([O-])[O-])c1
sample_1398,*c1ccc(NN=C2C(=O)OC(C)(C)OC2=O)cc1
sample_1399,*c1ccc(Br)c2c(Br)cccc12
sample_1400,*N1C(=O)C2(CCCC2)N=C1CCCC
sample_1401,*n1ncc2c(N)ncnc21
sample_1402,*c1ncnc(N)n1
sample_1403,*N1N=C(C)C(=NNc2ccc(Cl)cc2Cl)C1=O
sample_1404,*CCC(C)O
sample_1405,*NS(=O)(=O)c1ccc(N)cc1
sample_1406,*Nc1ccc([N+](=O)[O-])cc1[N+](=O)[O-]
sample_1407,*c1ccc(C2(C)CCc3oc4ccc(C)cc4c3-c3oc(C)cc32)cc1
sample_1408,*[N+](C)(C)C
sample_1409,*Nc1ccc(F)cc1
sample_1410,*c1ccccc1[N+]
sample_1411,*Cc1cc(C)c([N+](=O)[O-])cc1[N+](=O)[O-]
sample_1412,*c1c(F)cccc1F
sample_1413,*C1C(=O)NC(=O)NC1=O
sample_1414,*NC(C)C(=O)[O-]
sample_1415,*CCCC(=O)O
sample_1416,*OC(C)C(=O)O
sample_1417,*c1cccc(Cl)n1
sample_1418,*c1ccc(NN=C2C(=O)NC(=S)NC2=O)cc1
sample_1419,*Cc1cc(Cl)ccc1O
sample_1420,*OC1CC2CCC(C1)N2C
sample_1421,*C(=O)CC(C)O
sample_1422,*Cc1ccc(Br)cc1
sample_1423,*c1ncccn1
sample_1424,*C1OC(=O)C2(C)CCC1C2(C)C
sample_1425,*C1N=NC(N)=C1C#N
sample_1426,*C1CCCCN1C
sample_1427,*c1ccc(C)cc1C
sample_1428,*c1cc2c(cc1O)CCN(C)C2CC
sample_1429,*CC(C(=O)O)C1=CCC2(C)C(CCC3C4CCC(O)C4(C)CCC32)C1
sample_1430,*c1cc2c(cc1O)C(C)[N+]CC2
sample_1431,*n1nc(N)c2nc3ccccc3nc21
sample_1432,*c1ccc2c(c1)c1c3n2CCN(C)C3=NCC1
sample_1433,*c1cccc(NN=C(C(N)=O)c2nc3ccccc3s2)c1
sample_1434,*C(=O)NN1CCCCCC1
sample_1435,*Oc1cccc2c(=O)c(=O)c12
sample_1436,*C1(C)OCCO1
sample_1437,*c1nc(C)cc2ccccc12
sample_1438,*CBr
sample_1439,*NC1=C(Cl)C(=O)C(C#N)=C(C#N)C1=O
sample_1440,*c1csc(C(C#N)=NNc2cccc([N+](=O)[O-])c2)n1
sample_1441,*C1(O)CCC2(O)C3CCC4=CC(=O)CCC4(C)C3CCC12C
sample_1442,*c1cc(Br)cc(Br)c1N
sample_1443,*c1ccccc1NN=C1C(=O)NN=C1C
sample_1444,*CC(=O)n1cnc2c(N)ncnc21
sample_1445,*c1cc(C)nc2c(N=Nc3ccc(Cl)cc3Cl)c(N)nn12
sample_1446,*CCCl
sample_1447,*NCCCCC
sample_1448,*C1CCCC(=NO)C1
sample_1449,*C1CC(c2ccccc2)=NO1
sample_1450,*C1CCC2(C)C(CCC3C4CCCC4(C)CCC32)C1
sample_1451,*c1c2c([o+]c3c1CCc1ccccc1-3)-c1ccccc1CC2
sample_1452,*Cc1ccc2c(c1N)C(=O)c1ccccc1C2=O
sample_1453,*c1c(C)n(C)c2ccccc12
sample_1454,*C1CCC2C3CC=C4CC5(CCC4(C)C3CCC12C)OCCO5
sample_1455,*[N+]1(C)CCCC1
sample_1456,*Nc1nc(C)c(C)c(Cl)n1
sample_1457,*Cc1cc(Br)cc(C#CC(=O)O)c1
sample_1458,*Nc1nccs1
sample_1459,*NS(=O)(=O)c1ccc(Cl)cc1
sample_1460,*C1CCC2C3CC(O)C4=CC(=O)CCC4(C)C3CCC12C
sample_1461,*c1ccc2c(c1)OCO2
sample_1462,*C1CC2(C)C(CCC2(O)C#C)C2CCc3cc(O)ccc3C12
sample_1463,*C(=O)CO
sample_1464,*c1ccc(C2(C)CCc3oc4ccc(Cl)cc4c3-c3oc(C)cc32)cc1
sample_1465,*C(=O)C1=C(C)NC(=O)NC1C
sample_1466,*c1ccc(C=NO)o1
sample_1467,*C1C(=C(SC)SC)CCCC1=C(SC)SC
sample_1468,*c1ccc(Cl)c([N+](=O)[O-])c1
sample_1469,*C(=O)C1=Nc2ccccc2C1(C)C
sample_1470,*c1nc2ccccc2n1C
sample_1471,*OC1CCC2C3CCC4=CC(=O)CCC4(C)C3CCC12C
sample_1472,*NCCO
sample_1473,*c1ccc2c3c(ccc([N+](=O)[O-])c13)CC2
sample_1474,*N1N=C(c2ccc([N+](=O)[O-])cc2)CC1=O
sample_1475,*OCCCC
sample_1476,*C1(C)OC(C(=O)O)=CC1=O
sample_1477,*CC(C)(C)C
sample_1478,*c1nc2ccccc2c(=O)o1
sample_1479,*C(=O)C[n+]1ccccc1
sample_1480,*c1cccc(N)c1
sample_1481,*C1(C#N)Cc2ccccc2C(=O)O1
sample_1482,*NC(=C[N+](=O)[O-])NC
sample_1483,*CCC(=O)[O-]
sample_1484,*OC1CCC2C3CCC4=CC(O)CCC4(C)C3CCC12C
sample_1485,*N(C)C
sample_1486,*O[P+]([O-])(O)O
sample_1487,*N1c2cc3ccc(C)nc3cc2CCC1C
sample_1488,*CC(C)C
sample_1489,*C1C(C#N)=C(N)N2C(=C1C#N)Sc1ccccc12
sample_1490,*C(C#N)C(N)=S
sample_1491,*Cc1nc2ccccc2[nH]1
sample_1492,*C(=O)CCCC
sample_1493,*c1csc(C(C#N)=NNc2cccc(C)c2C)n1
sample_1494,*c1cn2c3c(cc(F)cc3c1=O)CCC2C
sample_1495,*CC(=NO)C(=O)O
sample_1496,*O[S+2]([O-])([O-])c1ccc(C)cc1
sample_1497,*C1N=C(C)OC1=O
sample_1498,*C(=O)CCl
sample_1499,*c1c2c([o+]c3c1CCCC3)CCCC2
sample_1500,*N[S+2]([O-])([O-])c1ccccc1C
sample_1501,*NC(CCC(N)=O)C(=O)O
sample_1502,*Nc1ccc([N+](=O)[O-])cc1
sample_1503,*C(=O)C(C#N)=C(SC)N(C)C
sample_1504,*c1cccc([N+](=O)[O-])c1
sample_1505,*OC1CC2C(C)C(=O)C3(C(O)CC4C5(C)CCCC4(C(O)OC5)C13)C2O
sample_1506,*c1noc2c1C(=O)CC(C)(C)C2
sample_1507,*n1c(=O)[nH]c(C)c(Cl)c1=O
sample_1508,*CC1C(=O)C2(C)CCC1C2(C)C
sample_1509,*c1cccc(I)c1
sample_1510,*Cc1ccncc1
sample_1511,*C(=O)C(C#N)=NNc1cccc([N+](=O)[O-])c1
sample_1512,*CC(C)C(C)=NNC(N)=O
sample_1513,*c1ccc2ccccc2c1O
sample_1514,*Nc1c(Cl)cc(Cl)cc1Cl
sample_1515,*c1cnc[nH]1
sample_1516,*Nc1onc(C)c1C
sample_1517,*C(C)C(=O)NO
sample_1518,*c1cc(Cl)ccc1Cl
sample_1519,*Cc1ccccc1[N+]
sample_1520,*n1c(=S)sc2ccccc21
sample_1521,*Nc1cc(Cl)c([N+](=O)[O-])cc1[N+](=O)[O-]
sample_1522,*NC(CCC(=O)O)C(=O)O
sample_1523,*c1cc2c(cc1O)C(C)N(C)CC2
sample_1524,*C(Br)C(Br)N(O)c1ccccc1
sample_1525,*C1NC(=O)c2cc(S(N)(=O)=O)c(Cl)cc2N1
sample_1526,*Nc1ncnc2c1cnn2C
sample_1527,*C(=O)C(C#N)=NNc1ccc(Cl)cc1
sample_1528,*Nc1ccc([N+](=O)[O-])cc1Cl
sample_1529,*C(=O)C(Cl)(Cl)Cl
sample_1530,*OC1CCC2(C)C(C1)CC1(OCCO1)C1C3CCC(=O)C3(C)CCC12
sample_1531,*c1nnc(C)c2c(C)onc12
sample_1532,*c1c(C)ccc(Br)c1O
sample_1533,*OCCCBr
sample_1534,*c1cccc(NN=C(C#N)c2nc3ccccc3s2)c1
sample_1535,*OC1CC2C3OC3C(C1)N2C
sample_1536,*C(O)C#N
sample_1537,*c1n[nH]c2c1C(c1ccc(Cl)cc1Cl)C(C#N)=C(N)O2
sample_1538,*n1nc(C)c([N+](=O)[O-])n1
sample_1539,*c1cc(C)c(O)c(C)c1
sample_1540,*C(O)CC
sample_1541,*Cc1ccccc1F
sample_1542,*C1CO1
sample_1543,*c1cc(Cl)c(I)cc1Cl
sample_1544,*Cc1ccc2ccccc2n1
sample_1545,*c1c(N)c2ccccc2oc1=O
sample_1546,*Nc1ccc(C)cc1C
sample_1547,*c1ccc2cc([N+](=O)[O-])ccc2c1C=O
sample_1548,*c1cn(C)c2ccccc12
sample_1549,*CO
sample_1550,*C1CCC2C3CC(O)C4CC(O)CCC4(C)C3CC(O)C12C
sample_1551,*NC(C)(C)C
sample_1552,*C(=O)n1c(C)c(C)c2ccccc21
sample_1553,*c1csc(C(C#N)=NNc2ccccc2[N+](=O)[O-])n1
sample_1554,*C(=O)C1=C(O)c2ccccc2S(=O)(=O)N1C
sample_1555,*Nc1nc(C)cc(C)n1
sample_1556,*c1ccc(Br)cc1
sample_1557,*C(C)CO
sample_1558,*OC1CCC2C3CCC4CCCCC4(C)C3CCC12C
sample_1559,*n1nc(C)cc1C
sample_1560,*C(=O)C(C(N)=S)=C1NN=C(c2ccccc2O)O1
sample_1561,*C1C(=O)c2ccccc2[N+]1=NO
sample_1562,*Nc1cccc(C)c1
sample_1563,*Cc1cccc([N+](=O)[O-])c1
sample_1564,*c1cc2c(cc1[N+](=O)[O-])CCC(=O)N2
sample_1565,*c1ccc(Cl)cc1C
sample_1566,*C1OC(=O)C2CCC1(C)C2(C)C
sample_1567,*CC=NNC(N)=O
sample_1568,*C(=O)C(=NNc1cccc(O)c1)[S+2]([O-])([O-])c1ccccc1
sample_1569,*c1cc([N+](=O)[O-])cc([N+](=O)[O-])c1
sample_1570,*c1cc(Br)ccc1O
sample_1571,*C1CCCC1S
sample_1572,*C(C)C1=NCCN1
sample_1573,*C1C=CC(C)=C(C=NO)C1=O
sample_1574,*Oc1ccc2nc(S(N)(=O)=O)sc2c1
sample_1575,*C(O)C(C)C
sample_1576,*c1cc(Cl)c(Cl)cc1O
sample_1577,*C(C#N)C(N)=O
sample_1578,*NS(=O)(=O)C(F)(F)F
sample_1579,*C(C)CCCC(C)C
sample_1580,*c1csc(C(C#N)=NNc2ccccc2Cl)n1
sample_1581,*c1ccccc1I
sample_1582,*c1ccc2cc([N+](=O)[O-])ccc2c1
sample_1583,*c1ccnn1C
sample_1584,*C1NC(=O)NC1=O
sample_1585,*OC(C)(C)C
sample_1586,*NC(CCC(=O)[O-])C(=O)[O-]
sample_1587,*c1csc(C(C#N)=NNc2ccc(C)cc2)n1
sample_1588,*c1nc2ccccc2[nH]1
sample_1589,*c1ccccc1C(=S)N1CCOCC1
sample_1590,*Cn1ccnc1
sample_1591,*C1(O)CCC2C3CCC4CC(=O)CCC4(C)C3CCC21C
sample_1592,*c1cc(O)ccc1O
sample_1593,*CC(CC)C(=O)O
sample_1594,*Nc1cc(=O)n(C)c(=O)n1C
sample_1595,*C1OC(C(N)=O)=CC(C)C1Br
sample_1596,*c1ccc(O)cc1
sample_1597,*c1ccc(Br)cc1C=c1sc2nc3ccccc3n2c1=O
sample_1598,*C1CC(=O)c2c(O)cc(O)cc2O1
sample_1599,*CC1=NC=NC1
sample_1600,*Cc1ccc(Br)o1
sample_1601,*C(=O)C(=NNc1ccccc1)C(=O)C(F)(F)F
sample_1602,*C1Cc2ccccc2C(C)(O)O1
sample_1603,*c1ccoc1C
sample_1604,*C(Br)CBr
sample_1605,*Nc1cc(=O)oc2ccccc12
sample_1606,*C(=O)C(=NNc1ccc(C)cc1)[S+2]([O-])([O-])c1ccccc1
sample_1607,*c1nc2ccccc2nc(=O)c1NNc1cccnc1
sample_1608,*c1nnc(S)o1
sample_1609,*C(C)=O
sample_1610,*C(Br)C(=O)O
sample_1611,*CC(C)(O)CC
sample_1612,*Nc1ccccc1N=Nc1ccccc1
sample_1613,*c1cccc(C)c1
sample_1614,*Nc1nc2ccc(Br)cc2s1
sample_1615,*c1cc2c(=O)oc3ccccc3c2nc1C
sample_1616,*c1csc(C(C#N)=NNc2ccc3ccccc3c2)n1
sample_1617,*NCC(=O)[O-]
sample_1618,*c1ccc(N=Cc2ccccc2)cc1
sample_1619,*C1C=CC(C)=C(C=NNC(N)=O)C1=O
sample_1620,*c1ccc2ccccc2n1
sample_1621,*C1CC2CCN1CC2C=C
sample_1622,*Cn1nc(C)c(C#N)c1N
sample_1623,*CC1=C(C)N=[N+]=C1C
sample_1624,*CCC#N
sample_1625,*c1ccc2c(c1)C(=NNc1ccc([N+](=O)[O-])cc1[N+](=O)[O-])C2
sample_1626,*n1cnc2c(N)nccc21
sample_1627,*Cc1cc2ccccc2cn1
sample_1628,*C1(C)C=CC=CC=C1
sample_1629,*C1C=c2ccccc2=N1
sample_1630,*C(=O)C(=NNc1ccc(Br)cc1)[S+2]([O-])([O-])c1ccccc1
sample_1631,*c1ccc(Cl)c(Cl)c1Cl
sample_1632,*C1CCc2ccccc2N1N=O
sample_1633,*C(=O)C1=CCCN(C)C1
sample_1634,*[NH2+]CC(=O)[O-]
sample_1635,*C(CC)C(C)(C)C(=O)O
sample_1636,*n1c(=O)c(C(C)=Nc2ccccc2O)c(O)c2ccccc21
sample_1637,*N[S+2]([O-])([O-])c1ccccc1
sample_1638,*c1cccc2c1CC(O)C(O)C2
sample_1639,*Cc1c(C)n[nH]c1C
sample_1640,*c1ccc2c(c1)C(=O)C2
sample_1641,*C1N=c2cc([N+](=O)[O-])ccc2=C1O
